chunk_id,chunk_text,entity_type,entity_text
chunk_00344,"Trường hợp do thôi việc, bị mất việc làm mà chưa nghỉ hằng năm hoặc chưa nghỉ hết số ngày nghỉ hằng năm thì được người sử dụng lao động thanh toán tiền lương cho những ngày chưa nghỉ.",,
chunk_00098,"Hết hạn hợp đồng lao động, trừ trường hợp quy định tại khoản 4 Điều 177 của Bộ luật này.",,
chunk_00146,"Khi hợp đồng lao động chấm dứt theo quy định tại các khoản 1, 2, 3, 4, 6, 7, 9 và 10 Điều 34 của Bộ luật này thì người sử dụng lao động có trách nhiệm trả trợ cấp thôi việc cho người lao động đã làm việc thường xuyên cho mình từ đủ 12 tháng trở lên, mỗi năm làm việc được trợ cấp một nửa tháng tiền lương, trừ trường hợp đủ điều kiện hưởng lương hưu theo quy định của pháp luật về bảo hiểm xã hội và trường hợp quy định tại điểm e khoản 1 Điều 36 của Bộ luật này.",,
chunk_00162,Chính phủ quy định chi tiết Điều này.,,
chunk_00422,"Lao động nữ được nghỉ thai sản trước và sau khi sinh con là 06 tháng; thời gian nghỉ trước khi sinh không quá 02 tháng. Trường hợp lao động nữ sinh đôi trở lên thì tính từ con thứ 02 trở đi, cứ mỗi con, người mẹ được nghỉ thêm 01 tháng.",,
chunk_00132,"Trường hợp người sử dụng lao động không muốn nhận lại người lao động và người lao động đồng ý thì ngoài khoản tiền người sử dụng lao động phải trả theo quy định tại khoản 1 Điều này và trợ cấp thôi việc theo quy định tại Điều 46 của Bộ luật này, hai bên thỏa thuận khoản tiền bồi thường thêm cho người lao động nhưng ít nhất bằng 02 tháng tiền lương theo hợp đồng lao động để chấm dứt hợp đồng lao động.",,
chunk_00035,"Lôi kéo, dụ dỗ, hứa hẹn, quảng cáo gian dối hoặc thủ đoạn khác để lừa gạt người lao động hoặc để tuyển dụng người lao động với mục đích mua bán người, bóc lột, cưỡng bức lao động hoặc lợi dụng dịch vụ việc làm, hoạt động đưa người lao động đi làm việc ở nước ngoài theo hợp đồng để thực hiện hành vi trái pháp luật.",,
chunk_00183,Thỏa thuận với người lao động thuê lại và doanh nghiệp cho thuê lại lao động để tuyển dụng chính thức người lao động thuê lại làm việc cho mình trong trường hợp hợp đồng lao động của người lao động thuê lại với doanh nghiệp cho thuê lại lao động chưa chấm dứt.,,
chunk_00284,"Mức lương tối thiểu được điều chỉnh dựa trên mức sống tối thiểu của người lao động và gia đình họ; tương quan giữa mức lương tối thiểu và mức lương trên thị trường; chỉ số giá tiêu dùng, tốc độ tăng trưởng kinh tế; quan hệ cung, cầu lao động; việc làm và thất nghiệp; năng suất lao động; khả năng chi trả của doanh nghiệp.",,
chunk_00257,Thỏa ước lao động tập thể có thời hạn từ 01 năm đến 03 năm. Thời hạn cụ thể do các bên thỏa thuận và ghi trong thỏa ước lao động tập thể. Các bên có quyền thỏa thuận thời hạn khác nhau đối với các nội dung của thỏa ước lao động tập thể.,,
chunk_00497,"Trả cho người giúp việc gia đình khoản tiền bảo hiểm xã hội, bảo hiểm y tế theo quy định của pháp luật để người lao động chủ động tham gia bảo hiểm xã hội, bảo hiểm y tế.",,
chunk_00159,Thẩm quyền tuyên bố hợp đồng lao động vô hiệu Tòa án nhân dân có quyền tuyên bố hợp đồng lao động vô hiệu.,,
chunk_00584,"Trong thời hạn 07 ngày làm việc kể từ ngày nhận được yêu cầu giải quyết tranh chấp theo quy định tại khoản 1 Điều này, Ban trọng tài lao động phải được thành lập để giải quyết tranh chấp.",,
chunk_00291,"Người sử dụng lao động phải tham khảo ý kiến của tổ chức đại diện người lao động tại cơ sở đối với nơi có tổ chức đại diện người lao động tại cơ sở khi xây dựng thang lương, bảng lương và định mức lao động. Thang lương, bảng lương và mức lao động phải được công bố công khai tại nơi làm việc trước khi thực hiện.",,
chunk_00215,"Bảo đảm an toàn, vệ sinh lao động; thực hiện nội quy lao động;",,
chunk_00248,"Đối với thỏa ước lao động tập thể ngành, đối tượng lấy ý kiến bao gồm toàn bộ thành viên ban lãnh đạo của các tổ chức đại diện người lao động tại các doanh nghiệp tham gia thương lượng. Thỏa ước lao động tập thể ngành chỉ được ký kết khi có trên 50% tổng số người được lấy ý kiến biểu quyết tán thành. Đối với thỏa ước lao động tập thể có nhiều doanh nghiệp, đối tượng lấy ý kiến bao gồm toàn bộ người lao động tại các doanh nghiệp tham gia thương lượng hoặc toàn bộ thành viên ban lãnh đạo của các tổ chức đại diện người lao động tại các doanh nghiệp tham gia thương lượng. Chỉ những doanh nghiệp có trên 50% số người được lấy ý kiến biểu quyết tán thành mới tham gia ký kết thỏa ước lao động tập thể có nhiều doanh nghiệp.",,
chunk_00612,"Trong thời hạn 30 ngày kể từ ngày được thành lập, căn cứ vào quy định của pháp luật về lao động, thỏa ước lao động tập thể, nội quy lao động đã được đăng ký và các quy chế, thỏa thuận hợp pháp khác, Ban trọng tài lao động phải ra quyết định về việc giải quyết tranh chấp và gửi cho các bên tranh chấp.",,
chunk_00247,"Đối với thỏa ước lao động tập thể doanh nghiệp, trước khi ký kết, dự thảo thỏa ước lao động tập thể đã được các bên đàm phán phải được lấy ý kiến của toàn bộ người lao động trong doanh nghiệp. Thỏa ước lao động tập thể doanh nghiệp chỉ được ký kết khi có trên 50% người lao động của doanh nghiệp biểu quyết tán thành.",,
chunk_00671,"Việc thanh tra an toàn, vệ sinh lao động thực hiện theo quy định của Luật An toàn, vệ sinh lao động.",,
chunk_00008,"Tổ chức đại diện người lao động tại cơ sở là tổ chức được thành lập trên cơ sở tự nguyện của người lao động tại một đơn vị sử dụng lao động nhằm mục đích bảo vệ quyền và lợi ích hợp pháp, chính đáng của người lao động trong quan hệ lao động thông qua thương lượng tập thể hoặc các hình thức khác theo quy định của pháp luật về lao động. Tổ chức đại diện người lao động tại cơ sở bao gồm công đoàn cơ sở và tổ chức của người lao động tại doanh nghiệp.",,
chunk_00216,"Điều kiện, phương tiện hoạt động của tổ chức đại diện người lao động; mối quan hệ giữa người sử dụng lao động và tổ chức đại diện người lao động;",,
chunk_00219,Nội dung khác mà một hoặc các bên quan tâm.,,
chunk_00258,"Người sử dụng lao động, người lao động, bao gồm cả người lao động vào làm việc sau ngày thỏa ước lao động tập thể có hiệu lực, có nghĩa vụ thực hiện đầy đủ thỏa ước lao động tập thể đang có hiệu lực.",,
chunk_00467,Là chủ sở hữu hoặc thành viên góp vốn của công ty trách nhiệm hữu hạn có giá trị góp vốn theo quy định của Chính phủ.,,
chunk_00666,"Điều tra tai nạn lao động và vi phạm an toàn, vệ sinh lao động.",,
chunk_00256,Thỏa ước lao động tập thể doanh nghiệp có hiệu lực áp dụng đối với người sử dụng lao động và toàn bộ người lao động của doanh nghiệp. Thỏa ước lao động tập thể ngành và thỏa ước lao động tập thể có nhiều doanh nghiệp có hiệu lực áp dụng đối với toàn bộ người sử dụng lao động và người lao động của các doanh nghiệp tham gia thỏa ước lao động tập thể.,,
chunk_00594,"Trình tự, thủ tục hòa giải tranh chấp lao động tập thể về quyền được thực hiện theo quy định tại các khoản 2, 3, 4, 5 và 6 Điều 188 của Bộ luật này. Đối với tranh chấp quy định tại điểm b và điểm c khoản 2 Điều 179 của Bộ luật này mà xác định có hành vi vi phạm pháp luật thì hòa giải viên lao động lập biên bản và chuyển hồ sơ, tài liệu đến cơ quan có thẩm quyền xem xét, xử lý theo quy định của pháp luật.",,
chunk_00438,"Người sử dụng lao động phải tạo cơ hội để lao động chưa thành niên được học văn hóa, giáo dục nghề nghiệp, đào tạo, bồi dưỡng, nâng cao trình độ kỹ năng nghề.",,
chunk_00181,Không được phân biệt đối xử về điều kiện lao động đối với người lao động thuê lại so với người lao động của mình.,,
chunk_00213,"Mức lao động và thời giờ làm việc, thời giờ nghỉ ngơi, làm thêm giờ, nghỉ giữa ca;",,
chunk_00642,Người lao động không tham gia đình công nhưng phải ngừng việc vì lý do đình công thì được trả lương ngừng việc theo quy định tại khoản 2 Điều 99 của Bộ luật này và các quyền lợi khác theo quy định của pháp luật về lao động.,,
chunk_00333,"Người lao động làm việc theo thời giờ làm việc quy định tại Điều 105 của Bộ luật này từ 06 giờ trở lên trong một ngày thì được nghỉ giữa giờ ít nhất 30 phút liên tục, làm việc ban đêm thì được nghỉ giữa giờ ít nhất 45 phút liên tục. Trường hợp người lao động làm việc theo ca liên tục từ 06 giờ trở lên thì thời gian nghỉ giữa giờ được tính vào giờ làm việc.",,
chunk_00548,"Được người sử dụng lao động bố trí nơi làm việc và được cung cấp thông tin, bảo đảm các điều kiện cần thiết cho hoạt động của tổ chức đại diện người lao động tại cơ sở.",,
chunk_00389,"Xâm phạm sức khỏe, danh dự, tính mạng, uy tín, nhân phẩm của người lao động.",,
chunk_00348,Chính phủ quy định chi tiết điều này.,,
chunk_00314,Người sử dụng lao động phải cho người lao động tạm ứng tiền lương tương ứng với số ngày người lao động tạm thời nghỉ việc để thực hiện nghĩa vụ công dân từ 01 tuần trở lên nhưng tối đa không quá 01 tháng tiền lương theo hợp đồng lao động và người lao động phải hoàn trả số tiền đã tạm ứng. Người lao động nhập ngũ theo quy định của Luật Nghĩa vụ quân sự thì không được tạm ứng tiền lương.,,
chunk_00308,Nếu do lỗi của người sử dụng lao động thì người lao động được trả đủ tiền lương theo hợp đồng lao động;,,
chunk_00185,Cung cấp cho doanh nghiệp cho thuê lại lao động chứng cứ về hành vi vi phạm kỷ luật lao động của người lao động thuê lại để xem xét xử lý kỷ luật lao động.,,
chunk_00334,"Ngoài thời gian nghỉ quy định tại khoản 1 Điều này, người sử dụng lao động bố trí cho người lao động các đợt nghỉ giải lao và ghi vào nội quy lao động.",,
chunk_00420,"Lao động nữ mang thai nếu có xác nhận của cơ sở khám bệnh, chữa bệnh có thẩm quyền về việc tiếp tục làm việc sẽ ảnh hưởng xấu tới thai nhi thì có quyền đơn phương chấm dứt hợp đồng lao động hoặc tạm hoãn thực hiện hợp đồng lao động. Trường hợp đơn phương chấm dứt hợp đồng lao động hoặc tạm hoãn thực hiện hợp đồng lao động thì phải thông báo cho người sử dụng lao động kèm theo xác nhận của cơ sở khám bệnh, chữa bệnh có thẩm quyền về việc tiếp tục làm việc sẽ ảnh hưởng xấu tới thai nhi.",,
chunk_00436,"Người sử dụng lao động khi sử dụng lao động chưa thành niên có trách nhiệm quan tâm chăm sóc người lao động về các mặt lao động, sức khỏe, học tập trong quá trình lao động.",,
chunk_00576,"Tranh chấp lao động cá nhân phải được giải quyết thông qua thủ tục hòa giải của hòa giải viên lao động trước khi yêu cầu Hội đồng trọng tài lao động hoặc Tòa án giải quyết, trừ các tranh chấp lao động sau đây không bắt buộc phải qua thủ tục hòa giải: a) Về xử lý kỷ luật lao động theo hình thức sa thải hoặc về trường hợp bị đơn phương chấm dứt hợp đồng lao động; b) Về bồi thường thiệt hại, trợ cấp khi chấm dứt hợp đồng lao động; c) Giữa người giúp việc gia đình với người sử dụng lao động; d) Về bảo hiểm xã hội theo quy định của pháp luật về bảo hiểm xã hội, về bảo hiểm y tế theo quy định của pháp luật về bảo hiểm y tế, về bảo hiểm thất nghiệp theo quy định của pháp luật về việc làm, về bảo hiểm tai nạn lao động, bệnh nghề nghiệp theo quy định của pháp luật về an toàn, vệ sinh lao động; đ) Về bồi thường thiệt hại giữa người lao động với doanh nghiệp, tổ chức đưa người lao động đi làm việc ở nước ngoài theo hợp đồng; e) Giữa người lao động thuê lại với người sử dụng lao động thuê lại.",,
chunk_00662,Bộ Lao động - Thương binh và Xã hội chịu trách nhiệm trước Chính phủ thực hiện quản lý nhà nước về lao động.,,
chunk_00549,Các quyền và nghĩa vụ khác theo quy định của pháp luật.,,
chunk_00555,"Công khai, minh bạch, khách quan, kịp thời, nhanh chóng và đúng pháp luật.",,
chunk_00459,"Thời hạn của hợp đồng lao động đối với người lao động nước ngoài làm việc tại Việt Nam không được vượt quá thời hạn của Giấy phép lao động. Khi sử dụng người lao động nước ngoài làm việc tại Việt Nam, hai bên có thể thỏa thuận giao kết nhiều lần hợp đồng lao động xác định thời hạn.",,
chunk_00180,"Thông báo, hướng dẫn cho người lao động thuê lại biết nội quy lao động và các quy chế khác của mình.",,
chunk_00105,Người lao động bị xử lý kỷ luật sa thải.,,
chunk_00392,Người sử dụng lao động có quyền tạm đình chỉ công việc của người lao động khi vụ việc vi phạm có những tình tiết phức tạp nếu xét thấy để người lao động tiếp tục làm việc sẽ gây khó khăn cho việc xác minh. Việc tạm đình chỉ công việc của người lao động chỉ được thực hiện sau khi tham khảo ý kiến của tổ chức đại diện người lao động tại cơ sở mà người lao động đang bị xem xét tạm đình chỉ công việc là thành viên.,,
chunk_00641,Sau khi người lao động ngừng đình công.,,
chunk_00012,"Cưỡng bức lao động là việc dùng vũ lực, đe dọa dùng vũ lực hoặc các thủ đoạn khác để ép buộc người lao động phải làm việc trái ý muốn của họ.",,
chunk_00222,Trường hợp doanh nghiệp có nhiều tổ chức đại diện người lao động tại cơ sở mà không có tổ chức nào đáp ứng quy định tại khoản 1 Điều này thì các tổ chức có quyền tự nguyện kết hợp với nhau để yêu cầu thương lượng tập thể nhưng tổng số thành viên của các tổ chức này phải đạt tỷ lệ tối thiểu theo quy định tại khoản 1 Điều này.,,
chunk_00204,"Đối thoại tại nơi làm việc là việc chia sẻ thông tin, tham khảo, thảo luận, trao đổi ý kiến giữa người sử dụng lao động với người lao động hoặc tổ chức đại diện người lao động về những vấn đề liên quan đến quyền, lợi ích và mối quan tâm của các bên tại nơi làm việc nhằm tăng cường sự hiểu biết, hợp tác, cùng nỗ lực hướng tới giải pháp các bên cùng có lợi.",,
chunk_00094,"Người lao động làm việc không trọn thời gian được hưởng lương; bình đẳng trong thực hiện quyền và nghĩa vụ với người lao động làm việc trọn thời gian; bình đẳng về cơ hội, không bị phân biệt đối xử, bảo đảm an toàn, vệ sinh lao động.",,
chunk_00154,"Trong thời hạn 14 ngày làm việc kể từ ngày chấm dứt hợp đồng lao động, hai bên có trách nhiệm thanh toán đầy đủ các khoản tiền có liên quan đến quyền lợi của mỗi bên, trừ trường hợp sau đây có thể kéo dài nhưng không được quá 30 ngày: a) Người sử dụng lao động không phải là cá nhân chấm dứt hoạt động; b) Người sử dụng lao động thay đổi cơ cấu, công nghệ hoặc vì lý do kinh tế; c) Chia, tách, hợp nhất, sáp nhập; bán, cho thuê, chuyển đổi loại hình doanh nghiệp; chuyển nhượng quyền sở hữu, quyền sử dụng tài sản của doanh nghiệp, hợp tác xã; d) Do thiên tai, hỏa hoạn, địch họa hoặc dịch bệnh nguy hiểm.",,
chunk_00079,"Không quá 30 ngày đối với công việc có chức danh nghề nghiệp cần trình độ chuyên môn, kỹ thuật trung cấp, công nhân kỹ thuật, nhân viên nghiệp vụ;",,
chunk_00306,"Người lao động làm thêm giờ vào ban đêm thì ngoài việc trả lương theo quy định tại khoản 1 và khoản 2 Điều này, người lao động còn được trả thêm 20% tiền lương tính theo đơn giá tiền lương hoặc tiền lương theo công việc làm vào ban ngày của ngày làm việc bình thường hoặc của ngày nghỉ hằng tuần hoặc của ngày nghỉ lễ, tết.",,
chunk_00488,Người sử dụng lao động phải tham khảo ý kiến của người lao động là người khuyết tật khi quyết định những vấn đề liên quan đến quyền và lợi ích của họ.,,
chunk_00118,Người lao động tự ý bỏ việc mà không có lý do chính đáng từ 05 ngày làm việc liên tục trở lên;,,
chunk_00220,Tổ chức đại diện người lao động tại cơ sở có quyền yêu cầu thương lượng tập thể khi đạt tỷ lệ thành viên tối thiểu trên tổng số người lao động trong doanh nghiệp theo quy định của Chính phủ.,,
chunk_00260,"Khi một bên cho rằng bên kia thực hiện không đầy đủ hoặc vi phạm thỏa ước lao động tập thể thì có quyền yêu cầu thi hành đúng thỏa ước lao động tập thể và các bên có trách nhiệm cùng xem xét giải quyết; nếu không giải quyết được, mỗi bên đều có quyền yêu cầu giải quyết tranh chấp lao động tập thể theo quy định của pháp luật.",,
chunk_00532,"Phân biệt đối xử đối với người lao động, thành viên ban lãnh đạo của tổ chức đại diện người lao động tại cơ sở vì lý do thành lập, gia nhập hoặc hoạt động tổ chức đại diện người lao động, bao gồm: a) Yêu cầu tham gia, không tham gia hoặc ra khỏi tổ chức đại diện người lao động tại cơ sở để được tuyển dụng, giao kết hoặc gia hạn hợp đồng lao động; b) Sa thải, kỷ luật, đơn phương chấm dứt hợp đồng lao động, không tiếp tục giao kết hoặc gia hạn hợp đồng lao động, chuyển người lao động làm công việc khác; c) Phân biệt đối xử về tiền lương, thời giờ làm việc, các quyền và nghĩa vụ khác trong quan hệ lao động; d) Cản trở, gây khó khăn liên quan đến công việc nhằm làm suy yếu hoạt động của tổ chức đại diện người lao động tại cơ sở.",,
chunk_00522,"Công đoàn cơ sở thuộc hệ thống tổ chức Công đoàn Việt Nam được thành lập ở các cơ quan, tổ chức, đơn vị, doanh nghiệp.",,
chunk_00053,"Người lao động phải cung cấp thông tin trung thực cho người sử dụng lao động về họ tên, ngày tháng năm sinh, giới tính, nơi cư trú, trình độ học vấn, trình độ kỹ năng nghề, xác nhận tình trạng sức khỏe và vấn đề khác liên quan trực tiếp đến việc giao kết hợp đồng lao động mà người sử dụng lao động yêu cầu.",,
chunk_00033,"Lợi dụng danh nghĩa dạy nghề, tập nghề để trục lợi, bóc lột sức lao động hoặc lôi kéo, dụ dỗ, ép buộc người học nghề, người tập nghề vào hoạt động trái pháp luật.",,
chunk_00563,"Quyền của cơ quan, tổ chức, cá nhân có thẩm quyền giải quyết tranh chấp lao động Cơ quan, tổ chức, cá nhân có thẩm quyền giải quyết tranh chấp lao động, trong phạm vi nhiệm vụ, quyền hạn của mình, có quyền yêu cầu các bên tranh chấp, cơ quan, tổ chức, cá nhân có liên quan cung cấp tài liệu, chứng cứ, trưng cầu giám định, mời người làm chứng và người có liên quan.",,
chunk_00516,"Người lao động bị suy giảm khả năng lao động; làm nghề, công việc đặc biệt nặng nhọc, độc hại, nguy hiểm; làm nghề, công việc nặng nhọc, độc hại, nguy hiểm; làm việc ở vùng có điều kiện kinh tế - xã hội đặc biệt khó khăn có thể nghỉ hưu ở tuổi thấp hơn nhưng không quá 05 tuổi so với quy định tại khoản 2 Điều này tại thời điểm nghỉ hưu, trừ trường hợp pháp luật có quy định khác.",,
chunk_00507,Giao việc cho người giúp việc gia đình không theo hợp đồng lao động.,,
chunk_00194,"Hằng năm, người sử dụng lao động thông báo kết quả đào tạo, bồi dưỡng, nâng cao trình độ, kỹ năng nghề cho cơ quan chuyên môn về lao động thuộc Ủy ban nhân dân cấp tỉnh.",,
chunk_00578,Tại phiên họp hòa giải phải có mặt hai bên tranh chấp. Các bên tranh chấp có thể ủy quyền cho người khác tham gia phiên họp hòa giải.,,
chunk_00023,"Người lao động có các nghĩa vụ sau đây: a) Thực hiện hợp đồng lao động, thỏa ước lao động tập thể và thỏa thuận hợp pháp khác; b) Chấp hành kỷ luật lao động, nội quy lao động; tuân theo sự quản lý, điều hành, giám sát của người sử dụng lao động; c) Thực hiện quy định của pháp luật về lao động, việc làm, giáo dục nghề nghiệp, bảo hiểm xã hội, bảo hiểm y tế, bảo hiểm thất nghiệp và an toàn, vệ sinh lao động.",,
chunk_00362,"Trong thời hạn 07 ngày làm việc kể từ ngày nhận được hồ sơ đăng ký nội quy lao động, nếu nội dung nội quy lao động có quy định trái với pháp luật thì cơ quan chuyên môn về lao động thuộc Ủy ban nhân dân cấp tỉnh thông báo, hướng dẫn người sử dụng lao động sửa đổi, bổ sung và đăng ký lại.",,
chunk_00242,"Xây dựng và cung cấp các thông tin, dữ liệu về kinh tế - xã hội, thị trường lao động, quan hệ lao động nhằm hỗ trợ, thúc đẩy thương lượng tập thể.",,
chunk_00016,"Bảo đảm quyền và lợi ích hợp pháp của người sử dụng lao động, quản lý lao động đúng pháp luật, dân chủ, công bằng, văn minh và nâng cao trách nhiệm xã hội.",,
chunk_00265,Khuyến khích doanh nghiệp chưa tham gia thỏa ước lao động tập thể ngành hoặc thỏa ước lao động tập thể có nhiều doanh nghiệp thực hiện nội dung có lợi hơn cho người lao động của thỏa ước lao động tập thể ngành hoặc thỏa ước lao động tập thể có nhiều doanh nghiệp.,,
chunk_00249,"Thời gian, địa điểm và cách thức lấy ý kiến biểu quyết đối với dự thảo thỏa ước lao động tập thể do tổ chức đại diện người lao động quyết định nhưng không được làm ảnh hưởng đến hoạt động sản xuất, kinh doanh bình thường của doanh nghiệp tham gia thương lượng. Người sử dụng lao động không được gây khó khăn, cản trở hoặc can thiệp vào quá trình tổ chức đại diện người lao động lấy ý kiến biểu quyết về dự thảo thỏa ước.",,
chunk_00409,Có chính sách giảm thuế đối với người sử dụng lao động có sử dụng nhiều lao động nữ theo quy định của pháp luật về thuế.,,
chunk_00081,Tiền lương thử việc Tiền lương của người lao động trong thời gian thử việc do hai bên thỏa thuận nhưng ít nhất phải bằng 85% mức lương của công việc đó.,,
chunk_00402,"Chính phủ quyết định Chương trình quốc gia về an toàn, vệ sinh lao động.",,
chunk_00660,Hợp tác quốc tế về lao động.,,
chunk_00070,"Bộ trưởng Bộ Lao động - Thương binh và Xã hội quy định chi tiết các khoản 1, 2 và 3 Điều này.",,
chunk_00444,"Thời giờ làm việc của người từ đủ 15 tuổi đến chưa đủ 18 tuổi không được quá 08 giờ trong 01 ngày và 40 giờ trong 01 tuần. Người từ đủ 15 tuổi đến chưa đủ 18 tuổi có thể được làm thêm giờ, làm việc vào ban đêm trong một số nghề, công việc theo danh mục do Bộ trưởng Bộ Lao động - Thương binh và Xã hội ban hành.",,
chunk_00043,"Lập, cập nhật, quản lý, sử dụng sổ quản lý lao động bằng bản giấy hoặc bản điện tử và xuất trình khi cơ quan nhà nước có thẩm quyền yêu cầu.",,
chunk_00317,Người lao động có quyền được biết lý do khấu trừ tiền lương của mình.,,
chunk_00675,"Người lợi dụng đình công gây mất trật tự, an toàn công cộng, làm tổn hại máy, thiết bị, tài sản của người sử dụng lao động; người có hành vi cản trở thực hiện quyền đình công, kích động, lôi kéo, ép buộc người lao động đình công; người có hành vi trù dập, trả thù người tham gia đình công, người lãnh đạo cuộc đình công thì tùy theo mức độ vi phạm mà bị xử phạt vi phạm hành chính hoặc truy cứu trách nhiệm hình sự, nếu gây thiệt hại thì phải bồi thường theo quy định của pháp luật.",,
chunk_00268,"Thỏa ước lao động tập thể hết hạn Trong thời hạn 90 ngày trước ngày thỏa ước lao động tập thể hết hạn, các bên có thể thương lượng để kéo dài thời hạn của thỏa ước lao động tập thể hoặc ký kết thỏa ước lao động tập thể mới. Trường hợp các bên thỏa thuận kéo dài thời hạn của thỏa ước lao động tập thể thì phải lấy ý kiến theo quy định tại  của Bộ luật này.",,
chunk_00453,"Không được sử dụng người lao động cao tuổi làm nghề, công việc nặng nhọc, độc hại, nguy hiểm hoặc đặc biệt nặng nhọc, độc hại, nguy hiểm có ảnh hưởng xấu tới sức khỏe người lao động cao tuổi, trừ trường hợp bảo đảm các điều kiện làm việc an toàn.",,
chunk_00448,Người lao động cao tuổi là người tiếp tục lao động sau độ tuổi theo quy định tại khoản 2 Điều 169 của Bộ luật này.,,
chunk_00681,Bãi bỏ khoản 2 Điều 32.,,
chunk_00007,"Người sử dụng lao động là doanh nghiệp, cơ quan, tổ chức, hợp tác xã, hộ gia đình, cá nhân có thuê mướn, sử dụng người lao động làm việc cho mình theo thỏa thuận; trường hợp người sử dụng lao động là cá nhân thì phải có năng lực hành vi dân sự đầy đủ.",,
chunk_00097,"Trường hợp hai bên không thỏa thuận được việc sửa đổi, bổ sung nội dung hợp đồng lao động thì tiếp tục thực hiện hợp đồng lao động đã giao kết.",,
chunk_00659,"Kiểm tra, thanh tra, xử lý vi phạm pháp luật và giải quyết khiếu nại, tố cáo về lao động; giải quyết tranh chấp lao động theo quy định của pháp luật.",,
chunk_00234,"Nguyên tắc, nội dung thương lượng tập thể ngành, thương lượng tập thể có nhiều doanh nghiệp tham gia thực hiện theo quy định tại Điều 66 và Điều 67 của Bộ luật này.",,
chunk_00077,"Không quá 180 ngày đối với công việc của người quản lý doanh nghiệp theo quy định của Luật Doanh nghiệp, Luật Quản lý, sử dụng vốn nhà nước đầu tư vào sản xuất, kinh doanh tại doanh nghiệp;",,
chunk_00109,Giấy phép lao động hết hiệu lực đối với người lao động là người nước ngoài làm việc tại Việt Nam theo quy định tại Điều 156 của Bộ luật này.,,
chunk_00590,Thời hiệu yêu cầu Tòa án giải quyết tranh chấp lao động cá nhân là 01 năm kể từ ngày phát hiện ra hành vi mà bên tranh chấp cho rằng quyền và lợi ích hợp pháp của mình bị vi phạm.,,
chunk_00226,"Mỗi bên thương lượng tập thể có quyền mời tổ chức đại diện cấp trên của mình cử người tham gia là đại diện thương lượng và bên kia không được từ chối. Đại diện thương lượng tập thể của mỗi bên không được vượt quá số lượng quy định tại khoản 1 Điều này, trừ trường hợp được bên kia đồng ý.",,
chunk_00598,"Trong thời hạn 30 ngày kể từ ngày được thành lập, căn cứ vào quy định của pháp luật về lao động, thỏa ước lao động tập thể, nội quy lao động đã được đăng ký và các quy chế, thỏa thuận hợp pháp khác, Ban trọng tài phải ra quyết định về việc giải quyết tranh chấp và gửi cho các bên tranh chấp. Đối với tranh chấp quy định tại điểm b và điểm c khoản 2 Điều 179 của Bộ luật này mà xác định có hành vi vi phạm pháp luật thì Ban trọng tài lao động không ra quyết định giải quyết mà lập biên bản và chuyển hồ sơ, tài liệu đến cơ quan có thẩm quyền xem xét, xử lý theo quy định của pháp luật.",,
chunk_00322,Thời giờ làm việc bình thường không quá 08 giờ trong 01 ngày và không quá 48 giờ trong 01 tuần.,,
chunk_00476,"Thời hạn của giấy phép lao động Thời hạn của giấy phép lao động tối đa là 02 năm, trường hợp gia hạn thì chỉ được gia hạn một lần với thời hạn tối đa là 02 năm.",,
