edge_id,source_id,target_id,relation_type,graph_type
e_1,laborlaw_45_2019_QH14,ch1,has_chapter,structural
e_2,ch1,ch1_d1,has_article,structural
e_3,ch1,ch1_d2,has_article,structural
e_4,ch1_d2,ch1_d2_k1,has_clause,structural
e_5,ch1_d2,ch1_d2_k2,has_clause,structural
e_6,ch1_d2,ch1_d2_k3,has_clause,structural
e_7,ch1_d2,ch1_d2_k4,has_clause,structural
e_8,ch1,ch1_d3,has_article,structural
e_9,ch1_d3,ch1_d3_k1,has_clause,structural
e_10,ch1_d3,ch1_d3_k2,has_clause,structural
e_11,ch1_d3,ch1_d3_k3,has_clause,structural
e_12,ch1_d3,ch1_d3_k4,has_clause,structural
e_13,ch1_d3,ch1_d3_k5,has_clause,structural
e_14,ch1_d3,ch1_d3_k6,has_clause,structural
e_15,ch1_d3,ch1_d3_k7,has_clause,structural
e_16,ch1_d3,ch1_d3_k8,has_clause,structural
e_17,ch1_d3,ch1_d3_k9,has_clause,structural
e_18,ch1,ch1_d4,has_article,structural
e_19,ch1_d4,ch1_d4_k1,has_clause,structural
e_20,ch1_d4,ch1_d4_k2,has_clause,structural
e_21,ch1_d4,ch1_d4_k3,has_clause,structural
e_22,ch1_d4,ch1_d4_k4,has_clause,structural
e_23,ch1_d4,ch1_d4_k5,has_clause,structural
e_24,ch1_d4,ch1_d4_k6,has_clause,structural
e_25,ch1_d4,ch1_d4_k7,has_clause,structural
e_26,ch1,ch1_d5,has_article,structural
e_27,ch1_d5,ch1_d5_k1,has_clause,structural
e_28,ch1_d5_k1,ch1_d5_k1_a,has_point,structural
e_29,ch1_d5_k1,ch1_d5_k1_b,has_point,structural
e_30,ch1_d5_k1,ch1_d5_k1_c,has_point,structural
e_31,ch1_d5_k1,ch1_d5_k1_d,has_point,structural
e_32,ch1_d5_k1,ch1_d5_k1_đ,has_point,structural
e_33,ch1_d5_k1,ch1_d5_k1_e,has_point,structural
e_34,ch1_d5_k1,ch1_d5_k1_g,has_point,structural
e_35,ch1_d5,ch1_d5_k2,has_clause,structural
e_36,ch1_d5_k2,ch1_d5_k2_a,has_point,structural
e_37,ch1_d5_k2,ch1_d5_k2_b,has_point,structural
e_38,ch1_d5_k2,ch1_d5_k2_c,has_point,structural
e_39,ch1,ch1_d6,has_article,structural
e_40,ch1_d6,ch1_d6_k1,has_clause,structural
e_41,ch1_d6_k1,ch1_d6_k1_a,has_point,structural
e_42,ch1_d6_k1,ch1_d6_k1_b,has_point,structural
e_43,ch1_d6_k1,ch1_d6_k1_c,has_point,structural
e_44,ch1_d6_k1,ch1_d6_k1_d,has_point,structural
e_45,ch1_d6_k1,ch1_d6_k1_đ,has_point,structural
e_46,ch1_d6,ch1_d6_k2,has_clause,structural
e_47,ch1_d6_k2,ch1_d6_k2_a,has_point,structural
e_48,ch1_d6_k2,ch1_d6_k2_b,has_point,structural
e_49,ch1_d6_k2,ch1_d6_k2_c,has_point,structural
e_50,ch1_d6_k2,ch1_d6_k2_d,has_point,structural
e_51,ch1_d6_k2,ch1_d6_k2_đ,has_point,structural
e_52,ch1,ch1_d7,has_article,structural
e_53,ch1_d7,ch1_d7_k1,has_clause,structural
e_54,ch1_d7,ch1_d7_k2,has_clause,structural
e_55,ch1_d7,ch1_d7_k3,has_clause,structural
e_56,ch1_d7,ch1_d7_k4,has_clause,structural
e_57,ch1,ch1_d8,has_article,structural
e_58,ch1_d8,ch1_d8_k1,has_clause,structural
e_59,ch1_d8,ch1_d8_k2,has_clause,structural
e_60,ch1_d8,ch1_d8_k3,has_clause,structural
e_61,ch1_d8,ch1_d8_k4,has_clause,structural
e_62,ch1_d8,ch1_d8_k5,has_clause,structural
e_63,ch1_d8,ch1_d8_k6,has_clause,structural
e_64,ch1_d8,ch1_d8_k7,has_clause,structural
e_65,laborlaw_45_2019_QH14,ch2,has_chapter,structural
e_66,ch2,ch2_d9,has_article,structural
e_67,ch2_d9,ch2_d9_k1,has_clause,structural
e_68,ch2_d9,ch2_d9_k2,has_clause,structural
e_69,ch2,ch2_d10,has_article,structural
e_70,ch2_d10,ch2_d10_k1,has_clause,structural
e_71,ch2_d10,ch2_d10_k2,has_clause,structural
e_72,ch2,ch2_d11,has_article,structural
e_73,ch2_d11,ch2_d11_k1,has_clause,structural
e_74,ch2_d11,ch2_d11_k2,has_clause,structural
e_75,ch2,ch2_d12,has_article,structural
e_76,ch2_d12,ch2_d12_k1,has_clause,structural
e_77,ch2_d12,ch2_d12_k2,has_clause,structural
e_78,ch2_d12,ch2_d12_k3,has_clause,structural
e_79,laborlaw_45_2019_QH14,ch3,has_chapter,structural
e_80,ch3,ch3_muc1,has_section,structural
e_81,ch3_muc1,ch3_muc1_d13,has_article,structural
e_82,ch3_muc1_d13,ch3_muc1_d13_k1,has_clause,structural
e_83,ch3_muc1_d13,ch3_muc1_d13_k2,has_clause,structural
e_84,ch3_muc1,ch3_muc1_d14,has_article,structural
e_85,ch3_muc1_d14,ch3_muc1_d14_k1,has_clause,structural
e_86,ch3_muc1_d14,ch3_muc1_d14_k2,has_clause,structural
e_87,ch3_muc1,ch3_muc1_d15,has_article,structural
e_88,ch3_muc1_d15,ch3_muc1_d15_k1,has_clause,structural
e_89,ch3_muc1_d15,ch3_muc1_d15_k2,has_clause,structural
e_90,ch3_muc1,ch3_muc1_d16,has_article,structural
e_91,ch3_muc1_d16,ch3_muc1_d16_k1,has_clause,structural
e_92,ch3_muc1_d16,ch3_muc1_d16_k2,has_clause,structural
e_93,ch3_muc1,ch3_muc1_d17,has_article,structural
e_94,ch3_muc1_d17,ch3_muc1_d17_k1,has_clause,structural
e_95,ch3_muc1_d17,ch3_muc1_d17_k2,has_clause,structural
e_96,ch3_muc1_d17,ch3_muc1_d17_k3,has_clause,structural
e_97,ch3_muc1,ch3_muc1_d18,has_article,structural
e_98,ch3_muc1_d18,ch3_muc1_d18_k1,has_clause,structural
e_99,ch3_muc1_d18,ch3_muc1_d18_k2,has_clause,structural
e_100,ch3_muc1_d18,ch3_muc1_d18_k3,has_clause,structural
e_101,ch3_muc1_d18_k3,ch3_muc1_d18_k3_a,has_point,structural
e_102,ch3_muc1_d18_k3,ch3_muc1_d18_k3_b,has_point,structural
e_103,ch3_muc1_d18_k3,ch3_muc1_d18_k3_c,has_point,structural
e_104,ch3_muc1_d18_k3,ch3_muc1_d18_k3_d,has_point,structural
e_105,ch3_muc1_d18,ch3_muc1_d18_k4,has_clause,structural
e_106,ch3_muc1_d18_k4,ch3_muc1_d18_k4_a,has_point,structural
e_107,ch3_muc1_d18_k4,ch3_muc1_d18_k4_b,has_point,structural
e_108,ch3_muc1_d18_k4,ch3_muc1_d18_k4_c,has_point,structural
e_109,ch3_muc1_d18_k4,ch3_muc1_d18_k4_d,has_point,structural
e_110,ch3_muc1_d18,ch3_muc1_d18_k5,has_clause,structural
e_111,ch3_muc1,ch3_muc1_d19,has_article,structural
e_112,ch3_muc1_d19,ch3_muc1_d19_k1,has_clause,structural
e_113,ch3_muc1_d19,ch3_muc1_d19_k2,has_clause,structural
e_114,ch3_muc1,ch3_muc1_d20,has_article,structural
e_115,ch3_muc1_d20,ch3_muc1_d20_k1,has_clause,structural
e_116,ch3_muc1_d20_k1,ch3_muc1_d20_k1_a,has_point,structural
e_117,ch3_muc1_d20_k1,ch3_muc1_d20_k1_b,has_point,structural
e_118,ch3_muc1_d20,ch3_muc1_d20_k2,has_clause,structural
e_119,ch3_muc1_d20_k2,ch3_muc1_d20_k2_a,has_point,structural
e_120,ch3_muc1_d20_k2,ch3_muc1_d20_k2_b,has_point,structural
e_121,ch3_muc1_d20_k2,ch3_muc1_d20_k2_c,has_point,structural
e_122,ch3_muc1,ch3_muc1_d21,has_article,structural
e_123,ch3_muc1_d21,ch3_muc1_d21_k1,has_clause,structural
e_124,ch3_muc1_d21_k1,ch3_muc1_d21_k1_a,has_point,structural
e_125,ch3_muc1_d21_k1,ch3_muc1_d21_k1_b,has_point,structural
e_126,ch3_muc1_d21_k1,ch3_muc1_d21_k1_c,has_point,structural
e_127,ch3_muc1_d21_k1,ch3_muc1_d21_k1_d,has_point,structural
e_128,ch3_muc1_d21_k1,ch3_muc1_d21_k1_đ,has_point,structural
e_129,ch3_muc1_d21_k1,ch3_muc1_d21_k1_e,has_point,structural
e_130,ch3_muc1_d21_k1,ch3_muc1_d21_k1_g,has_point,structural
e_131,ch3_muc1_d21_k1,ch3_muc1_d21_k1_h,has_point,structural
e_132,ch3_muc1_d21_k1,ch3_muc1_d21_k1_i,has_point,structural
e_133,ch3_muc1_d21_k1,ch3_muc1_d21_k1_k,has_point,structural
e_134,ch3_muc1_d21,ch3_muc1_d21_k2,has_clause,structural
e_135,ch3_muc1_d21,ch3_muc1_d21_k3,has_clause,structural
e_136,ch3_muc1_d21,ch3_muc1_d21_k4,has_clause,structural
e_137,ch3_muc1_d21,ch3_muc1_d21_k5,has_clause,structural
e_138,ch3_muc1,ch3_muc1_d22,has_article,structural
e_139,ch3_muc1_d22,ch3_muc1_d22_k1,has_clause,structural
e_140,ch3_muc1_d22,ch3_muc1_d22_k2,has_clause,structural
e_141,ch3_muc1,ch3_muc1_d23,has_article,structural
e_142,ch3_muc1,ch3_muc1_d24,has_article,structural
e_143,ch3_muc1_d24,ch3_muc1_d24_k1,has_clause,structural
e_144,ch3_muc1_d24,ch3_muc1_d24_k2,has_clause,structural
e_145,ch3_muc1_d24,ch3_muc1_d24_k3,has_clause,structural
e_146,ch3_muc1,ch3_muc1_d25,has_article,structural
e_147,ch3_muc1_d25,ch3_muc1_d25_k1,has_clause,structural
e_148,ch3_muc1_d25,ch3_muc1_d25_k2,has_clause,structural
e_149,ch3_muc1_d25,ch3_muc1_d25_k3,has_clause,structural
e_150,ch3_muc1_d25,ch3_muc1_d25_k4,has_clause,structural
e_151,ch3_muc1,ch3_muc1_d26,has_article,structural
e_152,ch3_muc1,ch3_muc1_d27,has_article,structural
e_153,ch3_muc1_d27,ch3_muc1_d27_k1,has_clause,structural
e_154,ch3_muc1_d27,ch3_muc1_d27_k2,has_clause,structural
e_155,ch3,ch3_muc2,has_section,structural
e_156,ch3_muc2,ch3_muc2_d28,has_article,structural
e_157,ch3_muc2,ch3_muc2_d29,has_article,structural
e_158,ch3_muc2_d29,ch3_muc2_d29_k1,has_clause,structural
e_159,ch3_muc2_d29,ch3_muc2_d29_k2,has_clause,structural
e_160,ch3_muc2_d29,ch3_muc2_d29_k3,has_clause,structural
e_161,ch3_muc2_d29,ch3_muc2_d29_k4,has_clause,structural
e_162,ch3_muc2,ch3_muc2_d30,has_article,structural
e_163,ch3_muc2_d30,ch3_muc2_d30_k1,has_clause,structural
e_164,ch3_muc2_d30_k1,ch3_muc2_d30_k1_a,has_point,structural
e_165,ch3_muc2_d30_k1,ch3_muc2_d30_k1_b,has_point,structural
e_166,ch3_muc2_d30_k1,ch3_muc2_d30_k1_c,has_point,structural
e_167,ch3_muc2_d30_k1,ch3_muc2_d30_k1_d,has_point,structural
e_168,ch3_muc2_d30_k1,ch3_muc2_d30_k1_đ,has_point,structural
e_169,ch3_muc2_d30_k1,ch3_muc2_d30_k1_e,has_point,structural
e_170,ch3_muc2_d30_k1,ch3_muc2_d30_k1_g,has_point,structural
e_171,ch3_muc2_d30_k1,ch3_muc2_d30_k1_h,has_point,structural
e_172,ch3_muc2_d30,ch3_muc2_d30_k2,has_clause,structural
e_173,ch3_muc2,ch3_muc2_d31,has_article,structural
e_174,ch3_muc2,ch3_muc2_d32,has_article,structural
e_175,ch3_muc2_d32,ch3_muc2_d32_k1,has_clause,structural
e_176,ch3_muc2_d32,ch3_muc2_d32_k2,has_clause,structural
e_177,ch3_muc2_d32,ch3_muc2_d32_k3,has_clause,structural
e_178,ch3_muc2,ch3_muc2_d33,has_article,structural
e_179,ch3_muc2_d33,ch3_muc2_d33_k1,has_clause,structural
e_180,ch3_muc2_d33,ch3_muc2_d33_k2,has_clause,structural
e_181,ch3_muc2_d33,ch3_muc2_d33_k3,has_clause,structural
e_182,ch3,ch3_muc3,has_section,structural
e_183,ch3_muc3,ch3_muc3_d34,has_article,structural
e_184,ch3_muc3_d34,ch3_muc3_d34_k1,has_clause,structural
e_185,ch3_muc3_d34,ch3_muc3_d34_k2,has_clause,structural
e_186,ch3_muc3_d34,ch3_muc3_d34_k3,has_clause,structural
e_187,ch3_muc3_d34,ch3_muc3_d34_k4,has_clause,structural
e_188,ch3_muc3_d34,ch3_muc3_d34_k5,has_clause,structural
e_189,ch3_muc3_d34,ch3_muc3_d34_k6,has_clause,structural
e_190,ch3_muc3_d34,ch3_muc3_d34_k7,has_clause,structural
e_191,ch3_muc3_d34,ch3_muc3_d34_k8,has_clause,structural
e_192,ch3_muc3_d34,ch3_muc3_d34_k9,has_clause,structural
e_193,ch3_muc3_d34,ch3_muc3_d34_k10,has_clause,structural
e_194,ch3_muc3_d34,ch3_muc3_d34_k11,has_clause,structural
e_195,ch3_muc3_d34,ch3_muc3_d34_k12,has_clause,structural
e_196,ch3_muc3_d34,ch3_muc3_d34_k13,has_clause,structural
e_197,ch3_muc3,ch3_muc3_d35,has_article,structural
e_198,ch3_muc3_d35,ch3_muc3_d35_k1,has_clause,structural
e_199,ch3_muc3_d35_k1,ch3_muc3_d35_k1_a,has_point,structural
e_200,ch3_muc3_d35_k1,ch3_muc3_d35_k1_b,has_point,structural
e_201,ch3_muc3_d35_k1,ch3_muc3_d35_k1_c,has_point,structural
e_202,ch3_muc3_d35_k1,ch3_muc3_d35_k1_d,has_point,structural
e_203,ch3_muc3_d35,ch3_muc3_d35_k2,has_clause,structural
e_204,ch3_muc3_d35_k2,ch3_muc3_d35_k2_a,has_point,structural
e_205,ch3_muc3_d35_k2,ch3_muc3_d35_k2_b,has_point,structural
e_206,ch3_muc3_d35_k2,ch3_muc3_d35_k2_c,has_point,structural
e_207,ch3_muc3_d35_k2,ch3_muc3_d35_k2_d,has_point,structural
e_208,ch3_muc3_d35_k2,ch3_muc3_d35_k2_đ,has_point,structural
e_209,ch3_muc3_d35_k2,ch3_muc3_d35_k2_e,has_point,structural
e_210,ch3_muc3_d35_k2,ch3_muc3_d35_k2_g,has_point,structural
e_211,ch3_muc3,ch3_muc3_d36,has_article,structural
e_212,ch3_muc3_d36,ch3_muc3_d36_k1,has_clause,structural
e_213,ch3_muc3_d36_k1,ch3_muc3_d36_k1_a,has_point,structural
e_214,ch3_muc3_d36_k1,ch3_muc3_d36_k1_b,has_point,structural
e_215,ch3_muc3_d36_k1,ch3_muc3_d36_k1_c,has_point,structural
e_216,ch3_muc3_d36_k1,ch3_muc3_d36_k1_d,has_point,structural
e_217,ch3_muc3_d36_k1,ch3_muc3_d36_k1_đ,has_point,structural
e_218,ch3_muc3_d36_k1,ch3_muc3_d36_k1_e,has_point,structural
e_219,ch3_muc3_d36_k1,ch3_muc3_d36_k1_g,has_point,structural
e_220,ch3_muc3_d36,ch3_muc3_d36_k2,has_clause,structural
e_221,ch3_muc3_d36_k2,ch3_muc3_d36_k2_a,has_point,structural
e_222,ch3_muc3_d36_k2,ch3_muc3_d36_k2_b,has_point,structural
e_223,ch3_muc3_d36_k2,ch3_muc3_d36_k2_c,has_point,structural
e_224,ch3_muc3_d36_k2,ch3_muc3_d36_k2_d,has_point,structural
e_225,ch3_muc3_d36,ch3_muc3_d36_k3,has_clause,structural
e_226,ch3_muc3,ch3_muc3_d37,has_article,structural
e_227,ch3_muc3_d37,ch3_muc3_d37_k1,has_clause,structural
e_228,ch3_muc3_d37,ch3_muc3_d37_k2,has_clause,structural
e_229,ch3_muc3_d37,ch3_muc3_d37_k3,has_clause,structural
e_230,ch3_muc3,ch3_muc3_d38,has_article,structural
e_231,ch3_muc3,ch3_muc3_d39,has_article,structural
e_232,ch3_muc3,ch3_muc3_d40,has_article,structural
e_233,ch3_muc3_d40,ch3_muc3_d40_k1,has_clause,structural
e_234,ch3_muc3_d40,ch3_muc3_d40_k2,has_clause,structural
e_235,ch3_muc3_d40,ch3_muc3_d40_k3,has_clause,structural
e_236,ch3_muc3,ch3_muc3_d41,has_article,structural
e_237,ch3_muc3_d41,ch3_muc3_d41_k1,has_clause,structural
e_238,ch3_muc3_d41,ch3_muc3_d41_k2,has_clause,structural
e_239,ch3_muc3_d41,ch3_muc3_d41_k3,has_clause,structural
e_240,ch3_muc3,ch3_muc3_d42,has_article,structural
e_241,ch3_muc3_d42,ch3_muc3_d42_k1,has_clause,structural
e_242,ch3_muc3_d42_k1,ch3_muc3_d42_k1_a,has_point,structural
e_243,ch3_muc3_d42_k1,ch3_muc3_d42_k1_b,has_point,structural
e_244,ch3_muc3_d42_k1,ch3_muc3_d42_k1_c,has_point,structural
e_245,ch3_muc3_d42,ch3_muc3_d42_k2,has_clause,structural
e_246,ch3_muc3_d42_k2,ch3_muc3_d42_k2_a,has_point,structural
e_247,ch3_muc3_d42_k2,ch3_muc3_d42_k2_b,has_point,structural
e_248,ch3_muc3_d42,ch3_muc3_d42_k3,has_clause,structural
e_249,ch3_muc3_d42,ch3_muc3_d42_k4,has_clause,structural
e_250,ch3_muc3_d42,ch3_muc3_d42_k5,has_clause,structural
e_251,ch3_muc3_d42,ch3_muc3_d42_k6,has_clause,structural
e_252,ch3_muc3,ch3_muc3_d43,has_article,structural
e_253,ch3_muc3_d43,ch3_muc3_d43_k1,has_clause,structural
e_254,ch3_muc3_d43,ch3_muc3_d43_k2,has_clause,structural
e_255,ch3_muc3_d43,ch3_muc3_d43_k3,has_clause,structural
e_256,ch3_muc3,ch3_muc3_d44,has_article,structural
e_257,ch3_muc3_d44,ch3_muc3_d44_k1,has_clause,structural
e_258,ch3_muc3_d44_k1,ch3_muc3_d44_k1_a,has_point,structural
e_259,ch3_muc3_d44_k1,ch3_muc3_d44_k1_b,has_point,structural
e_260,ch3_muc3_d44_k1,ch3_muc3_d44_k1_c,has_point,structural
e_261,ch3_muc3_d44_k1,ch3_muc3_d44_k1_d,has_point,structural
e_262,ch3_muc3_d44_k1,ch3_muc3_d44_k1_đ,has_point,structural
e_263,ch3_muc3_d44,ch3_muc3_d44_k2,has_clause,structural
e_264,ch3_muc3,ch3_muc3_d45,has_article,structural
e_265,ch3_muc3_d45,ch3_muc3_d45_k1,has_clause,structural
e_266,ch3_muc3_d45,ch3_muc3_d45_k2,has_clause,structural
e_267,ch3_muc3,ch3_muc3_d46,has_article,structural
e_268,ch3_muc3_d46,ch3_muc3_d46_k1,has_clause,structural
e_269,ch3_muc3_d46,ch3_muc3_d46_k2,has_clause,structural
e_270,ch3_muc3_d46,ch3_muc3_d46_k3,has_clause,structural
e_271,ch3_muc3_d46,ch3_muc3_d46_k4,has_clause,structural
e_272,ch3_muc3,ch3_muc3_d47,has_article,structural
e_273,ch3_muc3_d47,ch3_muc3_d47_k1,has_clause,structural
e_274,ch3_muc3_d47,ch3_muc3_d47_k2,has_clause,structural
e_275,ch3_muc3_d47,ch3_muc3_d47_k3,has_clause,structural
e_276,ch3_muc3_d47,ch3_muc3_d47_k4,has_clause,structural
e_277,ch3_muc3,ch3_muc3_d48,has_article,structural
e_278,ch3_muc3_d48,ch3_muc3_d48_k1,has_clause,structural
e_279,ch3_muc3_d48_k1,ch3_muc3_d48_k1_a,has_point,structural
e_280,ch3_muc3_d48_k1,ch3_muc3_d48_k1_b,has_point,structural
e_281,ch3_muc3_d48_k1,ch3_muc3_d48_k1_c,has_point,structural
e_282,ch3_muc3_d48_k1,ch3_muc3_d48_k1_d,has_point,structural
e_283,ch3_muc3_d48,ch3_muc3_d48_k2,has_clause,structural
e_284,ch3_muc3_d48,ch3_muc3_d48_k3,has_clause,structural
e_285,ch3_muc3_d48_k3,ch3_muc3_d48_k3_a,has_point,structural
e_286,ch3_muc3_d48_k3,ch3_muc3_d48_k3_b,has_point,structural
e_287,ch3,ch3_muc4,has_section,structural
e_288,ch3_muc4,ch3_muc4_d49,has_article,structural
e_289,ch3_muc4_d49,ch3_muc4_d49_k1,has_clause,structural
e_290,ch3_muc4_d49_k1,ch3_muc4_d49_k1_a,has_point,structural
e_291,ch3_muc4_d49_k1,ch3_muc4_d49_k1_b,has_point,structural
e_292,ch3_muc4_d49_k1,ch3_muc4_d49_k1_c,has_point,structural
e_293,ch3_muc4_d49,ch3_muc4_d49_k2,has_clause,structural
e_294,ch3_muc4,ch3_muc4_d50,has_article,structural
e_295,ch3_muc4,ch3_muc4_d51,has_article,structural
e_296,ch3_muc4_d51,ch3_muc4_d51_k1,has_clause,structural
e_297,ch3_muc4_d51_k1,ch3_muc4_d51_k1_a,has_point,structural
e_298,ch3_muc4_d51_k1,ch3_muc4_d51_k1_b,has_point,structural
e_299,ch3_muc4_d51,ch3_muc4_d51_k2,has_clause,structural
e_300,ch3_muc4_d51,ch3_muc4_d51_k3,has_clause,structural
e_301,ch3,ch3_muc5,has_section,structural
e_302,ch3_muc5,ch3_muc5_d52,has_article,structural
e_303,ch3_muc5_d52,ch3_muc5_d52_k1,has_clause,structural
e_304,ch3_muc5_d52,ch3_muc5_d52_k2,has_clause,structural
e_305,ch3_muc5,ch3_muc5_d53,has_article,structural
e_306,ch3_muc5_d53,ch3_muc5_d53_k1,has_clause,structural
e_307,ch3_muc5_d53,ch3_muc5_d53_k2,has_clause,structural
e_308,ch3_muc5_d53_k2,ch3_muc5_d53_k2_a,has_point,structural
e_309,ch3_muc5_d53_k2,ch3_muc5_d53_k2_b,has_point,structural
e_310,ch3_muc5_d53_k2,ch3_muc5_d53_k2_c,has_point,structural
e_311,ch3_muc5_d53,ch3_muc5_d53_k3,has_clause,structural
e_312,ch3_muc5_d53_k3,ch3_muc5_d53_k3_a,has_point,structural
e_313,ch3_muc5_d53_k3,ch3_muc5_d53_k3_b,has_point,structural
e_314,ch3_muc5_d53_k3,ch3_muc5_d53_k3_c,has_point,structural
e_315,ch3_muc5_d53,ch3_muc5_d53_k4,has_clause,structural
e_316,ch3_muc5,ch3_muc5_d54,has_article,structural
e_317,ch3_muc5_d54,ch3_muc5_d54_k1,has_clause,structural
e_318,ch3_muc5_d54,ch3_muc5_d54_k2,has_clause,structural
e_319,ch3_muc5,ch3_muc5_d55,has_article,structural
e_320,ch3_muc5_d55,ch3_muc5_d55_k1,has_clause,structural
e_321,ch3_muc5_d55,ch3_muc5_d55_k2,has_clause,structural
e_322,ch3_muc5_d55_k2,ch3_muc5_d55_k2_a,has_point,structural
e_323,ch3_muc5_d55_k2,ch3_muc5_d55_k2_b,has_point,structural
e_324,ch3_muc5_d55_k2,ch3_muc5_d55_k2_c,has_point,structural
e_325,ch3_muc5_d55_k2,ch3_muc5_d55_k2_d,has_point,structural
e_326,ch3_muc5_d55_k2,ch3_muc5_d55_k2_đ,has_point,structural
e_327,ch3_muc5_d55,ch3_muc5_d55_k3,has_clause,structural
e_328,ch3_muc5,ch3_muc5_d56,has_article,structural
e_329,ch3_muc5_d56,ch3_muc5_d56_k1,has_clause,structural
e_330,ch3_muc5_d56,ch3_muc5_d56_k2,has_clause,structural
e_331,ch3_muc5_d56,ch3_muc5_d56_k3,has_clause,structural
e_332,ch3_muc5_d56,ch3_muc5_d56_k4,has_clause,structural
e_333,ch3_muc5_d56,ch3_muc5_d56_k5,has_clause,structural
e_334,ch3_muc5_d56,ch3_muc5_d56_k6,has_clause,structural
e_335,ch3_muc5,ch3_muc5_d57,has_article,structural
e_336,ch3_muc5_d57,ch3_muc5_d57_k1,has_clause,structural
e_337,ch3_muc5_d57,ch3_muc5_d57_k2,has_clause,structural
e_338,ch3_muc5_d57,ch3_muc5_d57_k3,has_clause,structural
e_339,ch3_muc5_d57,ch3_muc5_d57_k4,has_clause,structural
e_340,ch3_muc5_d57,ch3_muc5_d57_k5,has_clause,structural
e_341,ch3_muc5_d57,ch3_muc5_d57_k6,has_clause,structural
e_342,ch3_muc5,ch3_muc5_d58,has_article,structural
e_343,ch3_muc5_d58,ch3_muc5_d58_k1,has_clause,structural
e_344,ch3_muc5_d58,ch3_muc5_d58_k2,has_clause,structural
e_345,ch3_muc5_d58,ch3_muc5_d58_k3,has_clause,structural
e_346,ch3_muc5_d58,ch3_muc5_d58_k4,has_clause,structural
e_347,ch3_muc5_d58,ch3_muc5_d58_k5,has_clause,structural
e_348,laborlaw_45_2019_QH14,ch4,has_chapter,structural
e_349,ch4,ch4_d59,has_article,structural
e_350,ch4_d59,ch4_d59_k1,has_clause,structural
e_351,ch4_d59,ch4_d59_k2,has_clause,structural
e_352,ch4_d59_k2,ch4_d59_k2_a,has_point,structural
e_353,ch4_d59_k2,ch4_d59_k2_b,has_point,structural
e_354,ch4,ch4_d60,has_article,structural
e_355,ch4_d60,ch4_d60_k1,has_clause,structural
e_356,ch4_d60,ch4_d60_k2,has_clause,structural
e_357,ch4,ch4_d61,has_article,structural
e_358,ch4_d61,ch4_d61_k1,has_clause,structural
e_359,ch4_d61,ch4_d61_k2,has_clause,structural
e_360,ch4_d61,ch4_d61_k3,has_clause,structural
e_361,ch4_d61,ch4_d61_k4,has_clause,structural
e_362,ch4_d61,ch4_d61_k5,has_clause,structural
e_363,ch4_d61,ch4_d61_k6,has_clause,structural
e_364,ch4,ch4_d62,has_article,structural
e_365,ch4_d62,ch4_d62_k1,has_clause,structural
e_366,ch4_d62,ch4_d62_k2,has_clause,structural
e_367,ch4_d62_k2,ch4_d62_k2_a,has_point,structural
e_368,ch4_d62_k2,ch4_d62_k2_b,has_point,structural
e_369,ch4_d62_k2,ch4_d62_k2_c,has_point,structural
e_370,ch4_d62_k2,ch4_d62_k2_d,has_point,structural
e_371,ch4_d62_k2,ch4_d62_k2_đ,has_point,structural
e_372,ch4_d62_k2,ch4_d62_k2_e,has_point,structural
e_373,ch4_d62,ch4_d62_k3,has_clause,structural
e_374,laborlaw_45_2019_QH14,ch5,has_chapter,structural
e_375,ch5,ch5_muc1,has_section,structural
e_376,ch5_muc1,ch5_muc1_d63,has_article,structural
e_377,ch5_muc1_d63,ch5_muc1_d63_k1,has_clause,structural
e_378,ch5_muc1_d63,ch5_muc1_d63_k2,has_clause,structural
e_379,ch5_muc1_d63_k2,ch5_muc1_d63_k2_a,has_point,structural
e_380,ch5_muc1_d63_k2,ch5_muc1_d63_k2_b,has_point,structural
e_381,ch5_muc1_d63_k2,ch5_muc1_d63_k2_c,has_point,structural
e_382,ch5_muc1_d63,ch5_muc1_d63_k3,has_clause,structural
e_383,ch5_muc1_d63,ch5_muc1_d63_k4,has_clause,structural
e_384,ch5_muc1,ch5_muc1_d64,has_article,structural
e_385,ch5_muc1_d64,ch5_muc1_d64_k1,has_clause,structural
e_386,ch5_muc1_d64,ch5_muc1_d64_k2,has_clause,structural
e_387,ch5_muc1_d64_k2,ch5_muc1_d64_k2_a,has_point,structural
e_388,ch5_muc1_d64_k2,ch5_muc1_d64_k2_b,has_point,structural
e_389,ch5_muc1_d64_k2,ch5_muc1_d64_k2_c,has_point,structural
e_390,ch5_muc1_d64_k2,ch5_muc1_d64_k2_d,has_point,structural
e_391,ch5_muc1_d64_k2,ch5_muc1_d64_k2_đ,has_point,structural
e_392,ch5_muc1_d64_k2,ch5_muc1_d64_k2_e,has_point,structural
e_393,ch5,ch5_muc2,has_section,structural
e_394,ch5_muc2,ch5_muc2_d65,has_article,structural
e_395,ch5_muc2,ch5_muc2_d66,has_article,structural
e_396,ch5_muc2,ch5_muc2_d67,has_article,structural
e_397,ch5_muc2_d67,ch5_muc2_d67_k1,has_clause,structural
e_398,ch5_muc2_d67,ch5_muc2_d67_k2,has_clause,structural
e_399,ch5_muc2_d67,ch5_muc2_d67_k3,has_clause,structural
e_400,ch5_muc2_d67,ch5_muc2_d67_k4,has_clause,structural
e_401,ch5_muc2_d67,ch5_muc2_d67_k5,has_clause,structural
e_402,ch5_muc2_d67,ch5_muc2_d67_k6,has_clause,structural
e_403,ch5_muc2_d67,ch5_muc2_d67_k7,has_clause,structural
e_404,ch5_muc2_d67,ch5_muc2_d67_k8,has_clause,structural
e_405,ch5_muc2,ch5_muc2_d68,has_article,structural
e_406,ch5_muc2_d68,ch5_muc2_d68_k1,has_clause,structural
e_407,ch5_muc2_d68,ch5_muc2_d68_k2,has_clause,structural
e_408,ch5_muc2_d68,ch5_muc2_d68_k3,has_clause,structural
e_409,ch5_muc2_d68,ch5_muc2_d68_k4,has_clause,structural
e_410,ch5_muc2,ch5_muc2_d69,has_article,structural
e_411,ch5_muc2_d69,ch5_muc2_d69_k1,has_clause,structural
e_412,ch5_muc2_d69,ch5_muc2_d69_k2,has_clause,structural
e_413,ch5_muc2_d69,ch5_muc2_d69_k3,has_clause,structural
e_414,ch5_muc2,ch5_muc2_d70,has_article,structural
e_415,ch5_muc2_d70,ch5_muc2_d70_k1,has_clause,structural
e_416,ch5_muc2_d70,ch5_muc2_d70_k2,has_clause,structural
e_417,ch5_muc2_d70,ch5_muc2_d70_k3,has_clause,structural
e_418,ch5_muc2_d70,ch5_muc2_d70_k4,has_clause,structural
e_419,ch5_muc2_d70,ch5_muc2_d70_k5,has_clause,structural
e_420,ch5_muc2,ch5_muc2_d71,has_article,structural
e_421,ch5_muc2_d71,ch5_muc2_d71_k1,has_clause,structural
e_422,ch5_muc2_d71_k1,ch5_muc2_d71_k1_a,has_point,structural
e_423,ch5_muc2_d71_k1,ch5_muc2_d71_k1_b,has_point,structural
e_424,ch5_muc2_d71_k1,ch5_muc2_d71_k1_c,has_point,structural
e_425,ch5_muc2_d71,ch5_muc2_d71_k2,has_clause,structural
e_426,ch5_muc2,ch5_muc2_d72,has_article,structural
e_427,ch5_muc2_d72,ch5_muc2_d72_k1,has_clause,structural
e_428,ch5_muc2_d72,ch5_muc2_d72_k2,has_clause,structural
e_429,ch5_muc2_d72,ch5_muc2_d72_k3,has_clause,structural
e_430,ch5_muc2,ch5_muc2_d73,has_article,structural
e_431,ch5_muc2_d73,ch5_muc2_d73_k1,has_clause,structural
e_432,ch5_muc2_d73,ch5_muc2_d73_k2,has_clause,structural
e_433,ch5_muc2_d73_k2,ch5_muc2_d73_k2_a,has_point,structural
e_434,ch5_muc2_d73_k2,ch5_muc2_d73_k2_b,has_point,structural
e_435,ch5_muc2_d73_k2,ch5_muc2_d73_k2_c,has_point,structural
e_436,ch5_muc2_d73,ch5_muc2_d73_k3,has_clause,structural
e_437,ch5_muc2_d73,ch5_muc2_d73_k4,has_clause,structural
e_438,ch5_muc2,ch5_muc2_d74,has_article,structural
e_439,ch5_muc2_d74,ch5_muc2_d74_k1,has_clause,structural
e_440,ch5_muc2_d74,ch5_muc2_d74_k2,has_clause,structural
e_441,ch5_muc2_d74,ch5_muc2_d74_k3,has_clause,structural
e_442,ch5_muc2_d74,ch5_muc2_d74_k4,has_clause,structural
e_443,ch5,ch5_muc3,has_section,structural
e_444,ch5_muc3,ch5_muc3_d75,has_article,structural
e_445,ch5_muc3_d75,ch5_muc3_d75_k1,has_clause,structural
e_446,ch5_muc3_d75,ch5_muc3_d75_k2,has_clause,structural
e_447,ch5_muc3,ch5_muc3_d76,has_article,structural
e_448,ch5_muc3_d76,ch5_muc3_d76_k1,has_clause,structural
e_449,ch5_muc3_d76,ch5_muc3_d76_k2,has_clause,structural
e_450,ch5_muc3_d76,ch5_muc3_d76_k3,has_clause,structural
e_451,ch5_muc3_d76,ch5_muc3_d76_k4,has_clause,structural
e_452,ch5_muc3_d76,ch5_muc3_d76_k5,has_clause,structural
e_453,ch5_muc3_d76,ch5_muc3_d76_k6,has_clause,structural
e_454,ch5_muc3_d76,ch5_muc3_d76_k7,has_clause,structural
e_455,ch5_muc3,ch5_muc3_d77,has_article,structural
e_456,ch5_muc3,ch5_muc3_d78,has_article,structural
e_457,ch5_muc3_d78,ch5_muc3_d78_k1,has_clause,structural
e_458,ch5_muc3_d78,ch5_muc3_d78_k2,has_clause,structural
e_459,ch5_muc3_d78,ch5_muc3_d78_k3,has_clause,structural
e_460,ch5_muc3,ch5_muc3_d79,has_article,structural
e_461,ch5_muc3_d79,ch5_muc3_d79_k1,has_clause,structural
e_462,ch5_muc3_d79,ch5_muc3_d79_k2,has_clause,structural
e_463,ch5_muc3_d79,ch5_muc3_d79_k3,has_clause,structural
e_464,ch5_muc3,ch5_muc3_d80,has_article,structural
e_465,ch5_muc3_d80,ch5_muc3_d80_k1,has_clause,structural
e_466,ch5_muc3_d80,ch5_muc3_d80_k2,has_clause,structural
e_467,ch5_muc3,ch5_muc3_d81,has_article,structural
e_468,ch5_muc3_d81,ch5_muc3_d81_k1,has_clause,structural
e_469,ch5_muc3_d81,ch5_muc3_d81_k2,has_clause,structural
e_470,ch5_muc3_d81,ch5_muc3_d81_k3,has_clause,structural
e_471,ch5_muc3,ch5_muc3_d82,has_article,structural
e_472,ch5_muc3_d82,ch5_muc3_d82_k1,has_clause,structural
e_473,ch5_muc3_d82,ch5_muc3_d82_k2,has_clause,structural
e_474,ch5_muc3,ch5_muc3_d83,has_article,structural
e_475,ch5_muc3,ch5_muc3_d84,has_article,structural
e_476,ch5_muc3_d84,ch5_muc3_d84_k1,has_clause,structural
e_477,ch5_muc3_d84,ch5_muc3_d84_k2,has_clause,structural
e_478,ch5_muc3,ch5_muc3_d85,has_article,structural
e_479,ch5_muc3_d85,ch5_muc3_d85_k1,has_clause,structural
e_480,ch5_muc3_d85,ch5_muc3_d85_k2,has_clause,structural
e_481,ch5_muc3_d85,ch5_muc3_d85_k3,has_clause,structural
e_482,ch5_muc3,ch5_muc3_d86,has_article,structural
e_483,ch5_muc3_d86,ch5_muc3_d86_k1,has_clause,structural
e_484,ch5_muc3_d86,ch5_muc3_d86_k2,has_clause,structural
e_485,ch5_muc3_d86_k2,ch5_muc3_d86_k2_a,has_point,structural
e_486,ch5_muc3_d86_k2,ch5_muc3_d86_k2_b,has_point,structural
e_487,ch5_muc3_d86_k2,ch5_muc3_d86_k2_c,has_point,structural
e_488,ch5_muc3,ch5_muc3_d87,has_article,structural
e_489,ch5_muc3,ch5_muc3_d88,has_article,structural
e_490,ch5_muc3,ch5_muc3_d89,has_article,structural
e_491,laborlaw_45_2019_QH14,ch6,has_chapter,structural
e_492,ch6,ch6_d90,has_article,structural
e_493,ch6_d90,ch6_d90_k1,has_clause,structural
e_494,ch6_d90,ch6_d90_k2,has_clause,structural
e_495,ch6_d90,ch6_d90_k3,has_clause,structural
e_496,ch6,ch6_d91,has_article,structural
e_497,ch6_d91,ch6_d91_k1,has_clause,structural
e_498,ch6_d91,ch6_d91_k2,has_clause,structural
e_499,ch6_d91,ch6_d91_k3,has_clause,structural
e_500,ch6_d91,ch6_d91_k4,has_clause,structural
e_501,ch6,ch6_d92,has_article,structural
e_502,ch6_d92,ch6_d92_k1,has_clause,structural
e_503,ch6_d92,ch6_d92_k2,has_clause,structural
e_504,ch6_d92,ch6_d92_k3,has_clause,structural
e_505,ch6,ch6_d93,has_article,structural
e_506,ch6_d93,ch6_d93_k1,has_clause,structural
e_507,ch6_d93,ch6_d93_k2,has_clause,structural
e_508,ch6_d93,ch6_d93_k3,has_clause,structural
e_509,ch6,ch6_d94,has_article,structural
e_510,ch6_d94,ch6_d94_k1,has_clause,structural
e_511,ch6_d94,ch6_d94_k2,has_clause,structural
e_512,ch6,ch6_d95,has_article,structural
e_513,ch6_d95,ch6_d95_k1,has_clause,structural
e_514,ch6_d95,ch6_d95_k2,has_clause,structural
e_515,ch6_d95,ch6_d95_k3,has_clause,structural
e_516,ch6,ch6_d96,has_article,structural
e_517,ch6_d96,ch6_d96_k1,has_clause,structural
e_518,ch6_d96,ch6_d96_k2,has_clause,structural
e_519,ch6_d96,ch6_d96_k3,has_clause,structural
e_520,ch6,ch6_d97,has_article,structural
e_521,ch6_d97,ch6_d97_k1,has_clause,structural
e_522,ch6_d97,ch6_d97_k2,has_clause,structural
e_523,ch6_d97,ch6_d97_k3,has_clause,structural
e_524,ch6_d97,ch6_d97_k4,has_clause,structural
e_525,ch6,ch6_d98,has_article,structural
e_526,ch6_d98,ch6_d98_k1,has_clause,structural
e_527,ch6_d98_k1,ch6_d98_k1_a,has_point,structural
e_528,ch6_d98_k1,ch6_d98_k1_b,has_point,structural
e_529,ch6_d98_k1,ch6_d98_k1_c,has_point,structural
e_530,ch6_d98,ch6_d98_k2,has_clause,structural
e_531,ch6_d98,ch6_d98_k3,has_clause,structural
e_532,ch6_d98,ch6_d98_k4,has_clause,structural
e_533,ch6,ch6_d99,has_article,structural
e_534,ch6_d99,ch6_d99_k1,has_clause,structural
e_535,ch6_d99,ch6_d99_k2,has_clause,structural
e_536,ch6_d99,ch6_d99_k3,has_clause,structural
e_537,ch6_d99_k3,ch6_d99_k3_a,has_point,structural
e_538,ch6_d99_k3,ch6_d99_k3_b,has_point,structural
e_539,ch6,ch6_d100,has_article,structural
e_540,ch6_d100,ch6_d100_k1,has_clause,structural
e_541,ch6_d100,ch6_d100_k2,has_clause,structural
e_542,ch6,ch6_d101,has_article,structural
e_543,ch6_d101,ch6_d101_k1,has_clause,structural
e_544,ch6_d101,ch6_d101_k2,has_clause,structural
e_545,ch6_d101,ch6_d101_k3,has_clause,structural
e_546,ch6,ch6_d102,has_article,structural
e_547,ch6_d102,ch6_d102_k1,has_clause,structural
e_548,ch6_d102,ch6_d102_k2,has_clause,structural
e_549,ch6_d102,ch6_d102_k3,has_clause,structural
e_550,ch6,ch6_d103,has_article,structural
e_551,ch6,ch6_d104,has_article,structural
e_552,ch6_d104,ch6_d104_k1,has_clause,structural
e_553,ch6_d104,ch6_d104_k2,has_clause,structural
e_554,laborlaw_45_2019_QH14,ch7,has_chapter,structural
e_555,ch7,ch7_muc1,has_section,structural
e_556,ch7_muc1,ch7_muc1_d105,has_article,structural
e_557,ch7_muc1_d105,ch7_muc1_d105_k1,has_clause,structural
e_558,ch7_muc1_d105,ch7_muc1_d105_k2,has_clause,structural
e_559,ch7_muc1_d105,ch7_muc1_d105_k3,has_clause,structural
e_560,ch7_muc1,ch7_muc1_d106,has_article,structural
e_561,ch7_muc1,ch7_muc1_d107,has_article,structural
e_562,ch7_muc1_d107,ch7_muc1_d107_k1,has_clause,structural
e_563,ch7_muc1_d107,ch7_muc1_d107_k2,has_clause,structural
e_564,ch7_muc1_d107_k2,ch7_muc1_d107_k2_a,has_point,structural
e_565,ch7_muc1_d107_k2,ch7_muc1_d107_k2_b,has_point,structural
e_566,ch7_muc1_d107_k2,ch7_muc1_d107_k2_c,has_point,structural
e_567,ch7_muc1_d107,ch7_muc1_d107_k3,has_clause,structural
e_568,ch7_muc1_d107_k3,ch7_muc1_d107_k3_a,has_point,structural
e_569,ch7_muc1_d107_k3,ch7_muc1_d107_k3_b,has_point,structural
e_570,ch7_muc1_d107_k3,ch7_muc1_d107_k3_c,has_point,structural
e_571,ch7_muc1_d107_k3,ch7_muc1_d107_k3_d,has_point,structural
e_572,ch7_muc1_d107_k3,ch7_muc1_d107_k3_đ,has_point,structural
e_573,ch7_muc1_d107,ch7_muc1_d107_k4,has_clause,structural
e_574,ch7_muc1_d107,ch7_muc1_d107_k5,has_clause,structural
e_575,ch7_muc1,ch7_muc1_d108,has_article,structural
e_576,ch7_muc1_d108,ch7_muc1_d108_k1,has_clause,structural
e_577,ch7_muc1_d108,ch7_muc1_d108_k2,has_clause,structural
e_578,ch7,ch7_muc2,has_section,structural
e_579,ch7_muc2,ch7_muc2_d109,has_article,structural
e_580,ch7_muc2_d109,ch7_muc2_d109_k1,has_clause,structural
e_581,ch7_muc2_d109,ch7_muc2_d109_k2,has_clause,structural
e_582,ch7_muc2,ch7_muc2_d110,has_article,structural
e_583,ch7_muc2,ch7_muc2_d111,has_article,structural
e_584,ch7_muc2_d111,ch7_muc2_d111_k1,has_clause,structural
e_585,ch7_muc2_d111,ch7_muc2_d111_k2,has_clause,structural
e_586,ch7_muc2_d111,ch7_muc2_d111_k3,has_clause,structural
e_587,ch7_muc2,ch7_muc2_d112,has_article,structural
e_588,ch7_muc2_d112,ch7_muc2_d112_k1,has_clause,structural
e_589,ch7_muc2_d112_k1,ch7_muc2_d112_k1_a,has_point,structural
e_590,ch7_muc2_d112_k1,ch7_muc2_d112_k1_b,has_point,structural
e_591,ch7_muc2_d112_k1,ch7_muc2_d112_k1_c,has_point,structural
e_592,ch7_muc2_d112_k1,ch7_muc2_d112_k1_d,has_point,structural
e_593,ch7_muc2_d112_k1,ch7_muc2_d112_k1_đ,has_point,structural
e_594,ch7_muc2_d112_k1,ch7_muc2_d112_k1_e,has_point,structural
e_595,ch7_muc2_d112,ch7_muc2_d112_k2,has_clause,structural
e_596,ch7_muc2_d112,ch7_muc2_d112_k3,has_clause,structural
e_597,ch7_muc2,ch7_muc2_d113,has_article,structural
e_598,ch7_muc2_d113,ch7_muc2_d113_k1,has_clause,structural
e_599,ch7_muc2_d113_k1,ch7_muc2_d113_k1_a,has_point,structural
e_600,ch7_muc2_d113_k1,ch7_muc2_d113_k1_b,has_point,structural
e_601,ch7_muc2_d113_k1,ch7_muc2_d113_k1_c,has_point,structural
e_602,ch7_muc2_d113,ch7_muc2_d113_k2,has_clause,structural
e_603,ch7_muc2_d113,ch7_muc2_d113_k3,has_clause,structural
e_604,ch7_muc2_d113,ch7_muc2_d113_k4,has_clause,structural
e_605,ch7_muc2_d113,ch7_muc2_d113_k5,has_clause,structural
e_606,ch7_muc2_d113,ch7_muc2_d113_k6,has_clause,structural
e_607,ch7_muc2_d113,ch7_muc2_d113_k7,has_clause,structural
e_608,ch7_muc2,ch7_muc2_d114,has_article,structural
e_609,ch7_muc2,ch7_muc2_d115,has_article,structural
e_610,ch7_muc2_d115,ch7_muc2_d115_k1,has_clause,structural
e_611,ch7_muc2_d115_k1,ch7_muc2_d115_k1_a,has_point,structural
e_612,ch7_muc2_d115_k1,ch7_muc2_d115_k1_b,has_point,structural
e_613,ch7_muc2_d115_k1,ch7_muc2_d115_k1_c,has_point,structural
e_614,ch7_muc2_d115,ch7_muc2_d115_k2,has_clause,structural
e_615,ch7_muc2_d115,ch7_muc2_d115_k3,has_clause,structural
e_616,ch7,ch7_muc3,has_section,structural
e_617,ch7_muc3,ch7_muc3_d116,has_article,structural
e_618,laborlaw_45_2019_QH14,ch8,has_chapter,structural
e_619,ch8,ch8_muc1,has_section,structural
e_620,ch8_muc1,ch8_muc1_d117,has_article,structural
e_621,ch8_muc1,ch8_muc1_d118,has_article,structural
e_622,ch8_muc1_d118,ch8_muc1_d118_k1,has_clause,structural
e_623,ch8_muc1_d118,ch8_muc1_d118_k2,has_clause,structural
e_624,ch8_muc1_d118_k2,ch8_muc1_d118_k2_a,has_point,structural
e_625,ch8_muc1_d118_k2,ch8_muc1_d118_k2_b,has_point,structural
e_626,ch8_muc1_d118_k2,ch8_muc1_d118_k2_c,has_point,structural
e_627,ch8_muc1_d118_k2,ch8_muc1_d118_k2_d,has_point,structural
e_628,ch8_muc1_d118_k2,ch8_muc1_d118_k2_đ,has_point,structural
e_629,ch8_muc1_d118_k2,ch8_muc1_d118_k2_e,has_point,structural
e_630,ch8_muc1_d118_k2,ch8_muc1_d118_k2_g,has_point,structural
e_631,ch8_muc1_d118_k2,ch8_muc1_d118_k2_h,has_point,structural
e_632,ch8_muc1_d118_k2,ch8_muc1_d118_k2_i,has_point,structural
e_633,ch8_muc1_d118,ch8_muc1_d118_k3,has_clause,structural
e_634,ch8_muc1_d118,ch8_muc1_d118_k4,has_clause,structural
e_635,ch8_muc1_d118,ch8_muc1_d118_k5,has_clause,structural
e_636,ch8_muc1,ch8_muc1_d119,has_article,structural
e_637,ch8_muc1_d119,ch8_muc1_d119_k1,has_clause,structural
e_638,ch8_muc1_d119,ch8_muc1_d119_k2,has_clause,structural
e_639,ch8_muc1_d119,ch8_muc1_d119_k3,has_clause,structural
e_640,ch8_muc1_d119,ch8_muc1_d119_k4,has_clause,structural
e_641,ch8_muc1_d119,ch8_muc1_d119_k5,has_clause,structural
e_642,ch8_muc1,ch8_muc1_d120,has_article,structural
e_643,ch8_muc1_d120,ch8_muc1_d120_k1,has_clause,structural
e_644,ch8_muc1_d120,ch8_muc1_d120_k2,has_clause,structural
e_645,ch8_muc1_d120,ch8_muc1_d120_k3,has_clause,structural
e_646,ch8_muc1_d120,ch8_muc1_d120_k4,has_clause,structural
e_647,ch8_muc1,ch8_muc1_d121,has_article,structural
e_648,ch8_muc1,ch8_muc1_d122,has_article,structural
e_649,ch8_muc1_d122,ch8_muc1_d122_k1,has_clause,structural
e_650,ch8_muc1_d122_k1,ch8_muc1_d122_k1_a,has_point,structural
e_651,ch8_muc1_d122_k1,ch8_muc1_d122_k1_b,has_point,structural
e_652,ch8_muc1_d122_k1,ch8_muc1_d122_k1_c,has_point,structural
e_653,ch8_muc1_d122_k1,ch8_muc1_d122_k1_d,has_point,structural
e_654,ch8_muc1_d122,ch8_muc1_d122_k2,has_clause,structural
e_655,ch8_muc1_d122,ch8_muc1_d122_k3,has_clause,structural
e_656,ch8_muc1_d122,ch8_muc1_d122_k4,has_clause,structural
e_657,ch8_muc1_d122_k4,ch8_muc1_d122_k4_a,has_point,structural
e_658,ch8_muc1_d122_k4,ch8_muc1_d122_k4_b,has_point,structural
e_659,ch8_muc1_d122_k4,ch8_muc1_d122_k4_c,has_point,structural
e_660,ch8_muc1_d122_k4,ch8_muc1_d122_k4_d,has_point,structural
e_661,ch8_muc1_d122,ch8_muc1_d122_k5,has_clause,structural
e_662,ch8_muc1_d122,ch8_muc1_d122_k6,has_clause,structural
e_663,ch8_muc1,ch8_muc1_d123,has_article,structural
e_664,ch8_muc1_d123,ch8_muc1_d123_k1,has_clause,structural
e_665,ch8_muc1_d123,ch8_muc1_d123_k2,has_clause,structural
e_666,ch8_muc1_d123,ch8_muc1_d123_k3,has_clause,structural
e_667,ch8_muc1,ch8_muc1_d124,has_article,structural
e_668,ch8_muc1_d124,ch8_muc1_d124_k1,has_clause,structural
e_669,ch8_muc1_d124,ch8_muc1_d124_k2,has_clause,structural
e_670,ch8_muc1_d124,ch8_muc1_d124_k3,has_clause,structural
e_671,ch8_muc1_d124,ch8_muc1_d124_k4,has_clause,structural
e_672,ch8_muc1,ch8_muc1_d125,has_article,structural
e_673,ch8_muc1_d125,ch8_muc1_d125_k1,has_clause,structural
e_674,ch8_muc1_d125,ch8_muc1_d125_k2,has_clause,structural
e_675,ch8_muc1_d125,ch8_muc1_d125_k3,has_clause,structural
e_676,ch8_muc1_d125,ch8_muc1_d125_k4,has_clause,structural
e_677,ch8_muc1,ch8_muc1_d126,has_article,structural
e_678,ch8_muc1_d126,ch8_muc1_d126_k1,has_clause,structural
e_679,ch8_muc1_d126,ch8_muc1_d126_k2,has_clause,structural
e_680,ch8_muc1,ch8_muc1_d127,has_article,structural
e_681,ch8_muc1_d127,ch8_muc1_d127_k1,has_clause,structural
e_682,ch8_muc1_d127,ch8_muc1_d127_k2,has_clause,structural
e_683,ch8_muc1_d127,ch8_muc1_d127_k3,has_clause,structural
e_684,ch8_muc1,ch8_muc1_d128,has_article,structural
e_685,ch8_muc1_d128,ch8_muc1_d128_k1,has_clause,structural
e_686,ch8_muc1_d128,ch8_muc1_d128_k2,has_clause,structural
e_687,ch8_muc1_d128,ch8_muc1_d128_k3,has_clause,structural
e_688,ch8_muc1_d128,ch8_muc1_d128_k4,has_clause,structural
e_689,ch8,ch8_muc2,has_section,structural
e_690,ch8_muc2,ch8_muc2_d129,has_article,structural
e_691,ch8_muc2_d129,ch8_muc2_d129_k1,has_clause,structural
e_692,ch8_muc2_d129,ch8_muc2_d129_k2,has_clause,structural
e_693,ch8_muc2,ch8_muc2_d130,has_article,structural
e_694,ch8_muc2_d130,ch8_muc2_d130_k1,has_clause,structural
e_695,ch8_muc2_d130,ch8_muc2_d130_k2,has_clause,structural
e_696,ch8_muc2,ch8_muc2_d131,has_article,structural
e_697,laborlaw_45_2019_QH14,ch9,has_chapter,structural
e_698,ch9,ch9_d132,has_article,structural
e_699,ch9,ch9_d133,has_article,structural
e_700,ch9_d133,ch9_d133_k1,has_clause,structural
e_701,ch9_d133,ch9_d133_k2,has_clause,structural
e_702,ch9,ch9_d134,has_article,structural
e_703,ch9_d134,ch9_d134_k1,has_clause,structural
e_704,ch9_d134,ch9_d134_k2,has_clause,structural
e_705,laborlaw_45_2019_QH14,ch10,has_chapter,structural
e_706,ch10,ch10_d135,has_article,structural
e_707,ch10_d135,ch10_d135_k1,has_clause,structural
e_708,ch10_d135,ch10_d135_k2,has_clause,structural
e_709,ch10_d135,ch10_d135_k3,has_clause,structural
e_710,ch10_d135,ch10_d135_k4,has_clause,structural
e_711,ch10_d135,ch10_d135_k5,has_clause,structural
e_712,ch10_d135,ch10_d135_k6,has_clause,structural
e_713,ch10,ch10_d136,has_article,structural
e_714,ch10_d136,ch10_d136_k1,has_clause,structural
e_715,ch10_d136,ch10_d136_k2,has_clause,structural
e_716,ch10_d136,ch10_d136_k3,has_clause,structural
e_717,ch10_d136,ch10_d136_k4,has_clause,structural
e_718,ch10,ch10_d137,has_article,structural
e_719,ch10_d137,ch10_d137_k1,has_clause,structural
e_720,ch10_d137_k1,ch10_d137_k1_a,has_point,structural
e_721,ch10_d137_k1,ch10_d137_k1_b,has_point,structural
e_722,ch10_d137,ch10_d137_k2,has_clause,structural
e_723,ch10_d137,ch10_d137_k3,has_clause,structural
e_724,ch10_d137,ch10_d137_k4,has_clause,structural
e_725,ch10,ch10_d138,has_article,structural
e_726,ch10_d138,ch10_d138_k1,has_clause,structural
e_727,ch10_d138,ch10_d138_k2,has_clause,structural
e_728,ch10,ch10_d139,has_article,structural
e_729,ch10_d139,ch10_d139_k1,has_clause,structural
e_730,ch10_d139,ch10_d139_k2,has_clause,structural
e_731,ch10_d139,ch10_d139_k3,has_clause,structural
e_732,ch10_d139,ch10_d139_k4,has_clause,structural
e_733,ch10_d139,ch10_d139_k5,has_clause,structural
e_734,ch10,ch10_d140,has_article,structural
e_735,ch10,ch10_d141,has_article,structural
e_736,ch10,ch10_d142,has_article,structural
e_737,ch10_d142,ch10_d142_k1,has_clause,structural
e_738,ch10_d142,ch10_d142_k2,has_clause,structural
e_739,laborlaw_45_2019_QH14,ch11,has_chapter,structural
e_740,ch11,ch11_muc1,has_section,structural
e_741,ch11_muc1,ch11_muc1_d143,has_article,structural
e_742,ch11_muc1_d143,ch11_muc1_d143_k1,has_clause,structural
e_743,ch11_muc1_d143,ch11_muc1_d143_k2,has_clause,structural
e_744,ch11_muc1_d143,ch11_muc1_d143_k3,has_clause,structural
e_745,ch11_muc1_d143,ch11_muc1_d143_k4,has_clause,structural
e_746,ch11_muc1,ch11_muc1_d144,has_article,structural
e_747,ch11_muc1_d144,ch11_muc1_d144_k1,has_clause,structural
e_748,ch11_muc1_d144,ch11_muc1_d144_k2,has_clause,structural
e_749,ch11_muc1_d144,ch11_muc1_d144_k3,has_clause,structural
e_750,ch11_muc1_d144,ch11_muc1_d144_k4,has_clause,structural
e_751,ch11_muc1,ch11_muc1_d145,has_article,structural
e_752,ch11_muc1_d145,ch11_muc1_d145_k1,has_clause,structural
e_753,ch11_muc1_d145_k1,ch11_muc1_d145_k1_a,has_point,structural
e_754,ch11_muc1_d145_k1,ch11_muc1_d145_k1_b,has_point,structural
e_755,ch11_muc1_d145_k1,ch11_muc1_d145_k1_c,has_point,structural
e_756,ch11_muc1_d145_k1,ch11_muc1_d145_k1_d,has_point,structural
e_757,ch11_muc1_d145,ch11_muc1_d145_k2,has_clause,structural
e_758,ch11_muc1_d145,ch11_muc1_d145_k3,has_clause,structural
e_759,ch11_muc1_d145,ch11_muc1_d145_k4,has_clause,structural
e_760,ch11_muc1,ch11_muc1_d146,has_article,structural
e_761,ch11_muc1_d146,ch11_muc1_d146_k1,has_clause,structural
e_762,ch11_muc1_d146,ch11_muc1_d146_k2,has_clause,structural
e_763,ch11_muc1,ch11_muc1_d147,has_article,structural
e_764,ch11_muc1_d147,ch11_muc1_d147_k1,has_clause,structural
e_765,ch11_muc1_d147_k1,ch11_muc1_d147_k1_a,has_point,structural
e_766,ch11_muc1_d147_k1,ch11_muc1_d147_k1_b,has_point,structural
e_767,ch11_muc1_d147_k1,ch11_muc1_d147_k1_c,has_point,structural
e_768,ch11_muc1_d147_k1,ch11_muc1_d147_k1_d,has_point,structural
e_769,ch11_muc1_d147_k1,ch11_muc1_d147_k1_đ,has_point,structural
e_770,ch11_muc1_d147_k1,ch11_muc1_d147_k1_e,has_point,structural
e_771,ch11_muc1_d147_k1,ch11_muc1_d147_k1_g,has_point,structural
e_772,ch11_muc1_d147_k1,ch11_muc1_d147_k1_h,has_point,structural
e_773,ch11_muc1_d147,ch11_muc1_d147_k2,has_clause,structural
e_774,ch11_muc1_d147_k2,ch11_muc1_d147_k2_a,has_point,structural
e_775,ch11_muc1_d147_k2,ch11_muc1_d147_k2_b,has_point,structural
e_776,ch11_muc1_d147_k2,ch11_muc1_d147_k2_c,has_point,structural
e_777,ch11_muc1_d147_k2,ch11_muc1_d147_k2_d,has_point,structural
e_778,ch11_muc1_d147_k2,ch11_muc1_d147_k2_đ,has_point,structural
e_779,ch11_muc1_d147,ch11_muc1_d147_k3,has_clause,structural
e_780,ch11,ch11_muc2,has_section,structural
e_781,ch11_muc2,ch11_muc2_d148,has_article,structural
e_782,ch11_muc2_d148,ch11_muc2_d148_k1,has_clause,structural
e_783,ch11_muc2_d148,ch11_muc2_d148_k2,has_clause,structural
e_784,ch11_muc2_d148,ch11_muc2_d148_k3,has_clause,structural
e_785,ch11_muc2,ch11_muc2_d149,has_article,structural
e_786,ch11_muc2_d149,ch11_muc2_d149_k1,has_clause,structural
e_787,ch11_muc2_d149,ch11_muc2_d149_k2,has_clause,structural
e_788,ch11_muc2_d149,ch11_muc2_d149_k3,has_clause,structural
e_789,ch11_muc2_d149,ch11_muc2_d149_k4,has_clause,structural
e_790,ch11,ch11_muc3,has_section,structural
e_791,ch11_muc3,ch11_muc3_d150,has_article,structural
e_792,ch11_muc3_d150,ch11_muc3_d150_k1,has_clause,structural
e_793,ch11_muc3_d150,ch11_muc3_d150_k2,has_clause,structural
e_794,ch11_muc3_d150,ch11_muc3_d150_k3,has_clause,structural
e_795,ch11_muc3,ch11_muc3_d151,has_article,structural
e_796,ch11_muc3_d151,ch11_muc3_d151_k1,has_clause,structural
e_797,ch11_muc3_d151_k1,ch11_muc3_d151_k1_a,has_point,structural
e_798,ch11_muc3_d151_k1,ch11_muc3_d151_k1_b,has_point,structural
e_799,ch11_muc3_d151_k1,ch11_muc3_d151_k1_c,has_point,structural
e_800,ch11_muc3_d151_k1,ch11_muc3_d151_k1_d,has_point,structural
e_801,ch11_muc3_d151,ch11_muc3_d151_k2,has_clause,structural
e_802,ch11_muc3_d151,ch11_muc3_d151_k3,has_clause,structural
e_803,ch11_muc3,ch11_muc3_d152,has_article,structural
e_804,ch11_muc3_d152,ch11_muc3_d152_k1,has_clause,structural
e_805,ch11_muc3_d152,ch11_muc3_d152_k2,has_clause,structural
e_806,ch11_muc3_d152,ch11_muc3_d152_k3,has_clause,structural
e_807,ch11_muc3,ch11_muc3_d153,has_article,structural
e_808,ch11_muc3_d153,ch11_muc3_d153_k1,has_clause,structural
e_809,ch11_muc3_d153,ch11_muc3_d153_k2,has_clause,structural
e_810,ch11_muc3_d153,ch11_muc3_d153_k3,has_clause,structural
e_811,ch11_muc3,ch11_muc3_d154,has_article,structural
e_812,ch11_muc3_d154,ch11_muc3_d154_k1,has_clause,structural
e_813,ch11_muc3_d154,ch11_muc3_d154_k2,has_clause,structural
e_814,ch11_muc3_d154,ch11_muc3_d154_k3,has_clause,structural
e_815,ch11_muc3_d154,ch11_muc3_d154_k4,has_clause,structural
e_816,ch11_muc3_d154,ch11_muc3_d154_k5,has_clause,structural
e_817,ch11_muc3_d154,ch11_muc3_d154_k6,has_clause,structural
e_818,ch11_muc3_d154,ch11_muc3_d154_k7,has_clause,structural
e_819,ch11_muc3_d154,ch11_muc3_d154_k8,has_clause,structural
e_820,ch11_muc3_d154,ch11_muc3_d154_k9,has_clause,structural
e_821,ch11_muc3,ch11_muc3_d155,has_article,structural
e_822,ch11_muc3,ch11_muc3_d156,has_article,structural
e_823,ch11_muc3_d156,ch11_muc3_d156_k1,has_clause,structural
e_824,ch11_muc3_d156,ch11_muc3_d156_k2,has_clause,structural
e_825,ch11_muc3_d156,ch11_muc3_d156_k3,has_clause,structural
e_826,ch11_muc3_d156,ch11_muc3_d156_k4,has_clause,structural
e_827,ch11_muc3_d156,ch11_muc3_d156_k5,has_clause,structural
e_828,ch11_muc3_d156,ch11_muc3_d156_k6,has_clause,structural
e_829,ch11_muc3_d156,ch11_muc3_d156_k7,has_clause,structural
e_830,ch11_muc3_d156,ch11_muc3_d156_k8,has_clause,structural
e_831,ch11_muc3,ch11_muc3_d157,has_article,structural
e_832,ch11,ch11_muc4,has_section,structural
e_833,ch11_muc4,ch11_muc4_d158,has_article,structural
e_834,ch11_muc4,ch11_muc4_d159,has_article,structural
e_835,ch11_muc4_d159,ch11_muc4_d159_k1,has_clause,structural
e_836,ch11_muc4_d159,ch11_muc4_d159_k2,has_clause,structural
e_837,ch11_muc4,ch11_muc4_d160,has_article,structural
e_838,ch11_muc4_d160,ch11_muc4_d160_k1,has_clause,structural
e_839,ch11_muc4_d160,ch11_muc4_d160_k2,has_clause,structural
e_840,ch11,ch11_muc5,has_section,structural
e_841,ch11_muc5,ch11_muc5_d161,has_article,structural
e_842,ch11_muc5_d161,ch11_muc5_d161_k1,has_clause,structural
e_843,ch11_muc5_d161,ch11_muc5_d161_k2,has_clause,structural
e_844,ch11_muc5,ch11_muc5_d162,has_article,structural
e_845,ch11_muc5_d162,ch11_muc5_d162_k1,has_clause,structural
e_846,ch11_muc5_d162,ch11_muc5_d162_k2,has_clause,structural
e_847,ch11_muc5_d162,ch11_muc5_d162_k3,has_clause,structural
e_848,ch11_muc5,ch11_muc5_d163,has_article,structural
e_849,ch11_muc5_d163,ch11_muc5_d163_k1,has_clause,structural
e_850,ch11_muc5_d163,ch11_muc5_d163_k2,has_clause,structural
e_851,ch11_muc5_d163,ch11_muc5_d163_k3,has_clause,structural
e_852,ch11_muc5_d163,ch11_muc5_d163_k4,has_clause,structural
e_853,ch11_muc5_d163,ch11_muc5_d163_k5,has_clause,structural
e_854,ch11_muc5_d163,ch11_muc5_d163_k6,has_clause,structural
e_855,ch11_muc5,ch11_muc5_d164,has_article,structural
e_856,ch11_muc5_d164,ch11_muc5_d164_k1,has_clause,structural
e_857,ch11_muc5_d164,ch11_muc5_d164_k2,has_clause,structural
e_858,ch11_muc5_d164,ch11_muc5_d164_k3,has_clause,structural
e_859,ch11_muc5_d164,ch11_muc5_d164_k4,has_clause,structural
e_860,ch11_muc5,ch11_muc5_d165,has_article,structural
e_861,ch11_muc5_d165,ch11_muc5_d165_k1,has_clause,structural
e_862,ch11_muc5_d165,ch11_muc5_d165_k2,has_clause,structural
e_863,ch11_muc5_d165,ch11_muc5_d165_k3,has_clause,structural
e_864,ch11,ch11_muc6,has_section,structural
e_865,ch11_muc6,ch11_muc6_d166,has_article,structural
e_866,ch11_muc6,ch11_muc6_d167,has_article,structural
e_867,laborlaw_45_2019_QH14,ch12,has_chapter,structural
e_868,ch12,ch12_d168,has_article,structural
e_869,ch12_d168,ch12_d168_k1,has_clause,structural
e_870,ch12_d168,ch12_d168_k2,has_clause,structural
e_871,ch12_d168,ch12_d168_k3,has_clause,structural
e_872,ch12,ch12_d169,has_article,structural
e_873,ch12_d169,ch12_d169_k1,has_clause,structural
e_874,ch12_d169,ch12_d169_k2,has_clause,structural
e_875,ch12_d169,ch12_d169_k3,has_clause,structural
e_876,ch12_d169,ch12_d169_k4,has_clause,structural
e_877,ch12_d169,ch12_d169_k5,has_clause,structural
e_878,laborlaw_45_2019_QH14,ch13,has_chapter,structural
e_879,ch13,ch13_d170,has_article,structural
e_880,ch13_d170,ch13_d170_k1,has_clause,structural
e_881,ch13_d170,ch13_d170_k2,has_clause,structural
e_882,ch13_d170,ch13_d170_k3,has_clause,structural
e_883,ch13,ch13_d171,has_article,structural
e_884,ch13_d171,ch13_d171_k1,has_clause,structural
e_885,ch13_d171,ch13_d171_k2,has_clause,structural
e_886,ch13,ch13_d172,has_article,structural
e_887,ch13_d172,ch13_d172_k1,has_clause,structural
e_888,ch13_d172,ch13_d172_k2,has_clause,structural
e_889,ch13_d172,ch13_d172_k3,has_clause,structural
e_890,ch13_d172,ch13_d172_k4,has_clause,structural
e_891,ch13,ch13_d173,has_article,structural
e_892,ch13_d173,ch13_d173_k1,has_clause,structural
e_893,ch13_d173,ch13_d173_k2,has_clause,structural
e_894,ch13,ch13_d174,has_article,structural
e_895,ch13_d174,ch13_d174_k1,has_clause,structural
e_896,ch13_d174_k1,ch13_d174_k1_a,has_point,structural
e_897,ch13_d174_k1,ch13_d174_k1_b,has_point,structural
e_898,ch13_d174_k1,ch13_d174_k1_c,has_point,structural
e_899,ch13_d174_k1,ch13_d174_k1_d,has_point,structural
e_900,ch13_d174_k1,ch13_d174_k1_đ,has_point,structural
e_901,ch13_d174_k1,ch13_d174_k1_e,has_point,structural
e_902,ch13_d174_k1,ch13_d174_k1_g,has_point,structural
e_903,ch13_d174_k1,ch13_d174_k1_h,has_point,structural
e_904,ch13_d174,ch13_d174_k2,has_clause,structural
e_905,ch13,ch13_d175,has_article,structural
e_906,ch13_d175,ch13_d175_k1,has_clause,structural
e_907,ch13_d175_k1,ch13_d175_k1_a,has_point,structural
e_908,ch13_d175_k1,ch13_d175_k1_b,has_point,structural
e_909,ch13_d175_k1,ch13_d175_k1_c,has_point,structural
e_910,ch13_d175_k1,ch13_d175_k1_d,has_point,structural
e_911,ch13_d175,ch13_d175_k2,has_clause,structural
e_912,ch13,ch13_d176,has_article,structural
e_913,ch13_d176,ch13_d176_k1,has_clause,structural
e_914,ch13_d176_k1,ch13_d176_k1_a,has_point,structural
e_915,ch13_d176_k1,ch13_d176_k1_b,has_point,structural
e_916,ch13_d176_k1,ch13_d176_k1_c,has_point,structural
e_917,ch13_d176_k1,ch13_d176_k1_d,has_point,structural
e_918,ch13_d176,ch13_d176_k2,has_clause,structural
e_919,ch13_d176,ch13_d176_k3,has_clause,structural
e_920,ch13,ch13_d177,has_article,structural
e_921,ch13_d177,ch13_d177_k1,has_clause,structural
e_922,ch13_d177,ch13_d177_k2,has_clause,structural
e_923,ch13_d177,ch13_d177_k3,has_clause,structural
e_924,ch13_d177,ch13_d177_k4,has_clause,structural
e_925,ch13_d177,ch13_d177_k5,has_clause,structural
e_926,ch13,ch13_d178,has_article,structural
e_927,ch13_d178,ch13_d178_k1,has_clause,structural
e_928,ch13_d178,ch13_d178_k2,has_clause,structural
e_929,ch13_d178,ch13_d178_k3,has_clause,structural
e_930,ch13_d178,ch13_d178_k4,has_clause,structural
e_931,ch13_d178,ch13_d178_k5,has_clause,structural
e_932,ch13_d178,ch13_d178_k6,has_clause,structural
e_933,ch13_d178,ch13_d178_k7,has_clause,structural
e_934,ch13_d178,ch13_d178_k8,has_clause,structural
e_935,laborlaw_45_2019_QH14,ch14,has_chapter,structural
e_936,ch14,ch14_muc1,has_section,structural
e_937,ch14_muc1,ch14_muc1_d179,has_article,structural
e_938,ch14_muc1_d179,ch14_muc1_d179_k1,has_clause,structural
e_939,ch14_muc1_d179_k1,ch14_muc1_d179_k1_a,has_point,structural
e_940,ch14_muc1_d179_k1,ch14_muc1_d179_k1_b,has_point,structural
e_941,ch14_muc1_d179,ch14_muc1_d179_k2,has_clause,structural
e_942,ch14_muc1_d179_k2,ch14_muc1_d179_k2_a,has_point,structural
e_943,ch14_muc1_d179_k2,ch14_muc1_d179_k2_b,has_point,structural
e_944,ch14_muc1_d179_k2,ch14_muc1_d179_k2_c,has_point,structural
e_945,ch14_muc1_d179,ch14_muc1_d179_k3,has_clause,structural
e_946,ch14_muc1_d179_k3,ch14_muc1_d179_k3_a,has_point,structural
e_947,ch14_muc1_d179_k3,ch14_muc1_d179_k3_b,has_point,structural
e_948,ch14_muc1,ch14_muc1_d180,has_article,structural
e_949,ch14_muc1_d180,ch14_muc1_d180_k1,has_clause,structural
e_950,ch14_muc1_d180,ch14_muc1_d180_k2,has_clause,structural
e_951,ch14_muc1_d180,ch14_muc1_d180_k3,has_clause,structural
e_952,ch14_muc1_d180,ch14_muc1_d180_k4,has_clause,structural
e_953,ch14_muc1_d180,ch14_muc1_d180_k5,has_clause,structural
e_954,ch14_muc1,ch14_muc1_d181,has_article,structural
e_955,ch14_muc1_d181,ch14_muc1_d181_k1,has_clause,structural
e_956,ch14_muc1_d181,ch14_muc1_d181_k2,has_clause,structural
e_957,ch14_muc1_d181,ch14_muc1_d181_k3,has_clause,structural
e_958,ch14_muc1,ch14_muc1_d182,has_article,structural
e_959,ch14_muc1_d182,ch14_muc1_d182_k1,has_clause,structural
e_960,ch14_muc1_d182_k1,ch14_muc1_d182_k1_a,has_point,structural
e_961,ch14_muc1_d182_k1,ch14_muc1_d182_k1_b,has_point,structural
e_962,ch14_muc1_d182_k1,ch14_muc1_d182_k1_c,has_point,structural
e_963,ch14_muc1_d182,ch14_muc1_d182_k2,has_clause,structural
e_964,ch14_muc1_d182_k2,ch14_muc1_d182_k2_a,has_point,structural
e_965,ch14_muc1_d182_k2,ch14_muc1_d182_k2_b,has_point,structural
e_966,ch14_muc1,ch14_muc1_d183,has_article,structural
e_967,ch14_muc1,ch14_muc1_d184,has_article,structural
e_968,ch14_muc1_d184,ch14_muc1_d184_k1,has_clause,structural
e_969,ch14_muc1_d184,ch14_muc1_d184_k2,has_clause,structural
e_970,ch14_muc1,ch14_muc1_d185,has_article,structural
e_971,ch14_muc1_d185,ch14_muc1_d185_k1,has_clause,structural
e_972,ch14_muc1_d185,ch14_muc1_d185_k2,has_clause,structural
e_973,ch14_muc1_d185_k2,ch14_muc1_d185_k2_a,has_point,structural
e_974,ch14_muc1_d185_k2,ch14_muc1_d185_k2_b,has_point,structural
e_975,ch14_muc1_d185_k2,ch14_muc1_d185_k2_c,has_point,structural
e_976,ch14_muc1_d185,ch14_muc1_d185_k3,has_clause,structural
e_977,ch14_muc1_d185_k3,ch14_muc1_d185_k3_a,has_point,structural
e_978,ch14_muc1_d185_k3,ch14_muc1_d185_k3_b,has_point,structural
e_979,ch14_muc1_d185_k3,ch14_muc1_d185_k3_c,has_point,structural
e_980,ch14_muc1_d185,ch14_muc1_d185_k4,has_clause,structural
e_981,ch14_muc1_d185_k4,ch14_muc1_d185_k4_a,has_point,structural
e_982,ch14_muc1_d185_k4,ch14_muc1_d185_k4_b,has_point,structural
e_983,ch14_muc1_d185_k4,ch14_muc1_d185_k4_c,has_point,structural
e_984,ch14_muc1_d185,ch14_muc1_d185_k5,has_clause,structural
e_985,ch14_muc1_d185,ch14_muc1_d185_k6,has_clause,structural
e_986,ch14_muc1,ch14_muc1_d186,has_article,structural
e_987,ch14,ch14_muc2,has_section,structural
e_988,ch14_muc2,ch14_muc2_d187,has_article,structural
e_989,ch14_muc2_d187,ch14_muc2_d187_k1,has_clause,structural
e_990,ch14_muc2_d187,ch14_muc2_d187_k2,has_clause,structural
e_991,ch14_muc2_d187,ch14_muc2_d187_k3,has_clause,structural
e_992,ch14_muc2,ch14_muc2_d188,has_article,structural
e_993,ch14_muc2_d188,ch14_muc2_d188_k1,has_clause,structural
e_994,ch14_muc2_d188_k1,ch14_muc2_d188_k1_a,has_point,structural
e_995,ch14_muc2_d188_k1,ch14_muc2_d188_k1_b,has_point,structural
e_996,ch14_muc2_d188_k1,ch14_muc2_d188_k1_c,has_point,structural
e_997,ch14_muc2_d188_k1,ch14_muc2_d188_k1_d,has_point,structural
e_998,ch14_muc2_d188_k1,ch14_muc2_d188_k1_đ,has_point,structural
e_999,ch14_muc2_d188_k1,ch14_muc2_d188_k1_e,has_point,structural
e_1000,ch14_muc2_d188,ch14_muc2_d188_k2,has_clause,structural
e_1001,ch14_muc2_d188,ch14_muc2_d188_k3,has_clause,structural
e_1002,ch14_muc2_d188,ch14_muc2_d188_k4,has_clause,structural
e_1003,ch14_muc2_d188,ch14_muc2_d188_k5,has_clause,structural
e_1004,ch14_muc2_d188,ch14_muc2_d188_k6,has_clause,structural
e_1005,ch14_muc2_d188,ch14_muc2_d188_k7,has_clause,structural
e_1006,ch14_muc2_d188_k7,ch14_muc2_d188_k7_a,has_point,structural
e_1007,ch14_muc2_d188_k7,ch14_muc2_d188_k7_b,has_point,structural
e_1008,ch14_muc2,ch14_muc2_d189,has_article,structural
e_1009,ch14_muc2_d189,ch14_muc2_d189_k1,has_clause,structural
e_1010,ch14_muc2_d189,ch14_muc2_d189_k2,has_clause,structural
e_1011,ch14_muc2_d189,ch14_muc2_d189_k3,has_clause,structural
e_1012,ch14_muc2_d189,ch14_muc2_d189_k4,has_clause,structural
e_1013,ch14_muc2_d189,ch14_muc2_d189_k5,has_clause,structural
e_1014,ch14_muc2,ch14_muc2_d190,has_article,structural
e_1015,ch14_muc2_d190,ch14_muc2_d190_k1,has_clause,structural
e_1016,ch14_muc2_d190,ch14_muc2_d190_k2,has_clause,structural
e_1017,ch14_muc2_d190,ch14_muc2_d190_k3,has_clause,structural
e_1018,ch14_muc2_d190,ch14_muc2_d190_k4,has_clause,structural
e_1019,ch14,ch14_muc3,has_section,structural
e_1020,ch14_muc3,ch14_muc3_d191,has_article,structural
e_1021,ch14_muc3_d191,ch14_muc3_d191_k1,has_clause,structural
e_1022,ch14_muc3_d191_k1,ch14_muc3_d191_k1_a,has_point,structural
e_1023,ch14_muc3_d191_k1,ch14_muc3_d191_k1_b,has_point,structural
e_1024,ch14_muc3_d191_k1,ch14_muc3_d191_k1_c,has_point,structural
e_1025,ch14_muc3_d191,ch14_muc3_d191_k2,has_clause,structural
e_1026,ch14_muc3,ch14_muc3_d192,has_article,structural
e_1027,ch14_muc3_d192,ch14_muc3_d192_k1,has_clause,structural
e_1028,ch14_muc3_d192,ch14_muc3_d192_k2,has_clause,structural
e_1029,ch14_muc3_d192_k2,ch14_muc3_d192_k2_a,has_point,structural
e_1030,ch14_muc3_d192_k2,ch14_muc3_d192_k2_b,has_point,structural
e_1031,ch14_muc3,ch14_muc3_d193,has_article,structural
e_1032,ch14_muc3_d193,ch14_muc3_d193_k1,has_clause,structural
e_1033,ch14_muc3_d193,ch14_muc3_d193_k2,has_clause,structural
e_1034,ch14_muc3_d193,ch14_muc3_d193_k3,has_clause,structural
e_1035,ch14_muc3_d193,ch14_muc3_d193_k4,has_clause,structural
e_1036,ch14_muc3_d193,ch14_muc3_d193_k5,has_clause,structural
e_1037,ch14_muc3_d193,ch14_muc3_d193_k6,has_clause,structural
e_1038,ch14_muc3,ch14_muc3_d194,has_article,structural
e_1039,ch14_muc3_d194,ch14_muc3_d194_k1,has_clause,structural
e_1040,ch14_muc3_d194,ch14_muc3_d194_k2,has_clause,structural
e_1041,ch14_muc3_d194,ch14_muc3_d194_k3,has_clause,structural
e_1042,ch14,ch14_muc4,has_section,structural
e_1043,ch14_muc4,ch14_muc4_d195,has_article,structural
e_1044,ch14_muc4_d195,ch14_muc4_d195_k1,has_clause,structural
e_1045,ch14_muc4_d195_k1,ch14_muc4_d195_k1_a,has_point,structural
e_1046,ch14_muc4_d195_k1,ch14_muc4_d195_k1_b,has_point,structural
e_1047,ch14_muc4_d195,ch14_muc4_d195_k2,has_clause,structural
e_1048,ch14_muc4,ch14_muc4_d196,has_article,structural
e_1049,ch14_muc4_d196,ch14_muc4_d196_k1,has_clause,structural
e_1050,ch14_muc4_d196,ch14_muc4_d196_k2,has_clause,structural
e_1051,ch14_muc4_d196,ch14_muc4_d196_k3,has_clause,structural
e_1052,ch14_muc4_d196_k3,ch14_muc4_d196_k3_a,has_point,structural
e_1053,ch14_muc4_d196_k3,ch14_muc4_d196_k3_b,has_point,structural
e_1054,ch14_muc4,ch14_muc4_d197,has_article,structural
e_1055,ch14_muc4_d197,ch14_muc4_d197_k1,has_clause,structural
e_1056,ch14_muc4_d197,ch14_muc4_d197_k2,has_clause,structural
e_1057,ch14_muc4_d197,ch14_muc4_d197_k3,has_clause,structural
e_1058,ch14_muc4_d197,ch14_muc4_d197_k4,has_clause,structural
e_1059,ch14,ch14_muc5,has_section,structural
e_1060,ch14_muc5,ch14_muc5_d198,has_article,structural
e_1061,ch14_muc5,ch14_muc5_d199,has_article,structural
e_1062,ch14_muc5_d199,ch14_muc5_d199_k1,has_clause,structural
e_1063,ch14_muc5_d199,ch14_muc5_d199_k2,has_clause,structural
e_1064,ch14_muc5,ch14_muc5_d200,has_article,structural
e_1065,ch14_muc5_d200,ch14_muc5_d200_k1,has_clause,structural
e_1066,ch14_muc5_d200,ch14_muc5_d200_k2,has_clause,structural
e_1067,ch14_muc5_d200,ch14_muc5_d200_k3,has_clause,structural
e_1068,ch14_muc5,ch14_muc5_d201,has_article,structural
e_1069,ch14_muc5_d201,ch14_muc5_d201_k1,has_clause,structural
e_1070,ch14_muc5_d201,ch14_muc5_d201_k2,has_clause,structural
e_1071,ch14_muc5_d201_k2,ch14_muc5_d201_k2_a,has_point,structural
e_1072,ch14_muc5_d201_k2,ch14_muc5_d201_k2_b,has_point,structural
e_1073,ch14_muc5_d201,ch14_muc5_d201_k3,has_clause,structural
e_1074,ch14_muc5_d201,ch14_muc5_d201_k4,has_clause,structural
e_1075,ch14_muc5,ch14_muc5_d202,has_article,structural
e_1076,ch14_muc5_d202,ch14_muc5_d202_k1,has_clause,structural
e_1077,ch14_muc5_d202,ch14_muc5_d202_k2,has_clause,structural
e_1078,ch14_muc5_d202_k2,ch14_muc5_d202_k2_a,has_point,structural
e_1079,ch14_muc5_d202_k2,ch14_muc5_d202_k2_b,has_point,structural
e_1080,ch14_muc5_d202_k2,ch14_muc5_d202_k2_c,has_point,structural
e_1081,ch14_muc5_d202_k2,ch14_muc5_d202_k2_d,has_point,structural
e_1082,ch14_muc5_d202_k2,ch14_muc5_d202_k2_đ,has_point,structural
e_1083,ch14_muc5_d202,ch14_muc5_d202_k3,has_clause,structural
e_1084,ch14_muc5_d202,ch14_muc5_d202_k4,has_clause,structural
e_1085,ch14_muc5,ch14_muc5_d203,has_article,structural
e_1086,ch14_muc5_d203,ch14_muc5_d203_k1,has_clause,structural
e_1087,ch14_muc5_d203,ch14_muc5_d203_k2,has_clause,structural
e_1088,ch14_muc5_d203_k2,ch14_muc5_d203_k2_a,has_point,structural
e_1089,ch14_muc5_d203_k2,ch14_muc5_d203_k2_b,has_point,structural
e_1090,ch14_muc5_d203,ch14_muc5_d203_k3,has_clause,structural
e_1091,ch14_muc5_d203_k3,ch14_muc5_d203_k3_a,has_point,structural
e_1092,ch14_muc5_d203_k3,ch14_muc5_d203_k3_b,has_point,structural
e_1093,ch14_muc5_d203_k3,ch14_muc5_d203_k3_c,has_point,structural
e_1094,ch14_muc5,ch14_muc5_d204,has_article,structural
e_1095,ch14_muc5_d204,ch14_muc5_d204_k1,has_clause,structural
e_1096,ch14_muc5_d204,ch14_muc5_d204_k2,has_clause,structural
e_1097,ch14_muc5_d204,ch14_muc5_d204_k3,has_clause,structural
e_1098,ch14_muc5_d204,ch14_muc5_d204_k4,has_clause,structural
e_1099,ch14_muc5_d204,ch14_muc5_d204_k5,has_clause,structural
e_1100,ch14_muc5_d204,ch14_muc5_d204_k6,has_clause,structural
e_1101,ch14_muc5,ch14_muc5_d205,has_article,structural
e_1102,ch14_muc5_d205,ch14_muc5_d205_k1,has_clause,structural
e_1103,ch14_muc5_d205,ch14_muc5_d205_k2,has_clause,structural
e_1104,ch14_muc5_d205,ch14_muc5_d205_k3,has_clause,structural
e_1105,ch14_muc5,ch14_muc5_d206,has_article,structural
e_1106,ch14_muc5_d206,ch14_muc5_d206_k1,has_clause,structural
e_1107,ch14_muc5_d206,ch14_muc5_d206_k2,has_clause,structural
e_1108,ch14_muc5,ch14_muc5_d207,has_article,structural
e_1109,ch14_muc5_d207,ch14_muc5_d207_k1,has_clause,structural
e_1110,ch14_muc5_d207,ch14_muc5_d207_k2,has_clause,structural
e_1111,ch14_muc5,ch14_muc5_d208,has_article,structural
e_1112,ch14_muc5_d208,ch14_muc5_d208_k1,has_clause,structural
e_1113,ch14_muc5_d208,ch14_muc5_d208_k2,has_clause,structural
e_1114,ch14_muc5_d208,ch14_muc5_d208_k3,has_clause,structural
e_1115,ch14_muc5_d208,ch14_muc5_d208_k4,has_clause,structural
e_1116,ch14_muc5_d208,ch14_muc5_d208_k5,has_clause,structural
e_1117,ch14_muc5_d208,ch14_muc5_d208_k6,has_clause,structural
e_1118,ch14_muc5,ch14_muc5_d209,has_article,structural
e_1119,ch14_muc5_d209,ch14_muc5_d209_k1,has_clause,structural
e_1120,ch14_muc5_d209,ch14_muc5_d209_k2,has_clause,structural
e_1121,ch14_muc5,ch14_muc5_d210,has_article,structural
e_1122,ch14_muc5_d210,ch14_muc5_d210_k1,has_clause,structural
e_1123,ch14_muc5_d210,ch14_muc5_d210_k2,has_clause,structural
e_1124,ch14_muc5,ch14_muc5_d211,has_article,structural
e_1125,laborlaw_45_2019_QH14,ch15,has_chapter,structural
e_1126,ch15,ch15_d212,has_article,structural
e_1127,ch15_d212,ch15_d212_k1,has_clause,structural
e_1128,ch15_d212,ch15_d212_k2,has_clause,structural
e_1129,ch15_d212,ch15_d212_k3,has_clause,structural
e_1130,ch15_d212,ch15_d212_k4,has_clause,structural
e_1131,ch15_d212,ch15_d212_k5,has_clause,structural
e_1132,ch15_d212,ch15_d212_k6,has_clause,structural
e_1133,ch15,ch15_d213,has_article,structural
e_1134,ch15_d213,ch15_d213_k1,has_clause,structural
e_1135,ch15_d213,ch15_d213_k2,has_clause,structural
e_1136,ch15_d213,ch15_d213_k3,has_clause,structural
e_1137,ch15_d213,ch15_d213_k4,has_clause,structural
e_1138,laborlaw_45_2019_QH14,ch16,has_chapter,structural
e_1139,ch16,ch16_d214,has_article,structural
e_1140,ch16_d214,ch16_d214_k1,has_clause,structural
e_1141,ch16_d214,ch16_d214_k2,has_clause,structural
e_1142,ch16_d214,ch16_d214_k3,has_clause,structural
e_1143,ch16_d214,ch16_d214_k4,has_clause,structural
e_1144,ch16_d214,ch16_d214_k5,has_clause,structural
e_1145,ch16,ch16_d215,has_article,structural
e_1146,ch16_d215,ch16_d215_k1,has_clause,structural
e_1147,ch16_d215,ch16_d215_k2,has_clause,structural
e_1148,ch16,ch16_d216,has_article,structural
e_1149,ch16,ch16_d217,has_article,structural
e_1150,ch16_d217,ch16_d217_k1,has_clause,structural
e_1151,ch16_d217,ch16_d217_k2,has_clause,structural
e_1152,ch16_d217,ch16_d217_k3,has_clause,structural
e_1153,laborlaw_45_2019_QH14,ch17,has_chapter,structural
e_1154,ch17,ch17_d218,has_article,structural
e_1155,ch17,ch17_d219,has_article,structural
e_1156,ch17_d219,ch17_d219_k1,has_clause,structural
e_1157,ch17_d219_k1,ch17_d219_k1_a,has_point,structural
e_1158,ch17_d219_k1,ch17_d219_k1_b,has_point,structural
e_1159,ch17_d219_k1,ch17_d219_k1_c,has_point,structural
e_1160,ch17_d219,ch17_d219_k2,has_clause,structural
e_1161,ch17_d219_k2,ch17_d219_k2_a,has_point,structural
e_1162,ch17_d219_k2,ch17_d219_k2_b,has_point,structural
e_1163,ch17,ch17_d220,has_article,structural
e_1164,ch17_d220,ch17_d220_k1,has_clause,structural
e_1165,ch17_d220,ch17_d220_k2,has_clause,structural
e_1166,ch17_d220,ch17_d220_k3,has_clause,structural
